,prod_name,price,old_price,price_ml,stars,reviews,delivery_date
0,Revlon Professional UniqOne Champú y Acondicionador 1000 ml,,,,4.5,3003.0,
1,"UniqOne Revlon Professional - Tratamiento para el cabello, Coco, 150 ml",6.95,11.66,4.63,4.5,8705.0,6 de abril
2,UniqOne Revlon Professional Classico Tratamiento en Spray para Cabello 150 ml y Super10R Mascarilla 300 ml - Pack 300 ml,14.95,15.6,,4.5,70.0,
3,Revlon Professional ProYou Textura de Peinado para Cabello Fino 350 ml,12.99,,,4.0,71.0,6 de abril
4,REVLON PROFESSIONAL Nutri Color Filters #400 Tangerine 240 ml,11.71,15.0,,4.6,80.0,6 de abril
5,Revlon Professional UniqOne Super10R Mascarilla Capillar 300 ml,10.49,,3.5,4.3,4649.0,6 de abril
6,"Revlon Professional Equave cuidado demelant Instantane sin rincage 2 Phases Blond azul Cheveux blonds, 200 ml",7.15,9.45,3.58,4.5,1720.0,6 de abril
7,Revlon Professional UniqOne Coco Champú Acondicionador 1000 ml,11.27,14.19,1.13,4.6,83.0,
8,REVLON PROFESSIONAL Nutri Color Filters #1022 Intense Plantinum 240 ml,15.0,,,4.6,28.0,6 de abril
9,Revlon Professional ProYou Champú Hidratante Rizos 1000 ml,12.62,30.0,1.26,5.0,1.0,
10,REVLON PROFESSIONAL Nutri Color Filters #020 Lavender 100 ml,10.0,,,3.9,3.0,6 de abril
11,Revlon Professional Equave Acodicionador Desenredante Cabello Normal/Seco 200 ml,9.45,,4.73,4.6,3165.0,6 de abril
12,"Revlon Professional, Activador curly Orbital Locken, 150 ml",7.3,19.0,4.87,4.2,443.0,6 de abril
13,Revlon Professional ProYou Mousse para Cabello Agarre Fuerte 400 ml,8.49,,2.12,4.2,20.0,6 de abril
14,Revlon Professional UniqOne Té Verde Tratamiento en Spray para Cabello 150 ml,6.95,8.99,,4.4,54.0,6 de abril
15,Revlon Professional ProYou Champú Reparador,4.98,,1.42,4.0,81.0,6 de abril
16,"Revlon Uniq One Lotus - Tratamiento Capilar flor de loto, V2, 150 ml",5.8,6.5,3.87,4.5,5755.0,6 de abril
17,REVLON PROFESSIONAL Nutri Color Filters #821 Silver Beige 240 ml,15.0,,,4.3,26.0,6 de abril
18,Revlon Professional Equave Acondicionador Desenredante Cabello Rubio/Decolorado/Canoso 200 ml,6.55,,3.28,4.2,1777.0,6 de abril
19,REVLON PROFESSIONAL Equave Kids Green Apple Acondicionador hipoalergénico desenredante para niños 200 ml,5.31,9.42,2.66,4.5,988.0,
20,Revlon Uniq One Green Tea Hair Tratamiento 150Ml,6.95,,4.63,4.6,606.0,6 de abril
21,REVLON PROFESSIONAL Nutri Color Filters #1002 Pale Platinum 100 ml,9.44,10.0,,4.3,20.0,6 de abril
22,Revlon Professional Uniq One Hair Treatment Tea pulverizador Kur sin ausspülen,7.19,,4.79,4.7,1191.0,6 de abril
23,REVLON PROFESSIONAL 45 Days Conditioning Stunning For High Lights Champú - 275 ml (7222309000),,,,4.6,592.0,
24,"REVLON PROFESSIONAL, Accesorio de coloración - 1000 ml (8432225102092)",25.77,26.67,,4.7,8.0,6 de abril
25,Revlon Equave Champú 2 en 1 - 300 ml,5.52,16.1,1.84,4.4,749.0,6 de abril
26,Revlon Professional UniqOne Coco Champú Acondicionador 300 ml,8.49,11.29,2.83,4.4,566.0,
27,REVLON PROFESSIONAL 45 Days Conditioning For Intense Coppers Champú - 275 ml,8.8,,3.2,4.3,757.0,6 de abril
28,"REVLON PROFESSIONAL, Accesorio de coloración - 1000 ml (8432225098739)",26.0,29.25,2.6,4.4,13.0,6 de abril
29,Revlon Professional ProYou Acondicionador Hidratante Rizos 350 ml,9.74,13.1,2.78,,,6 de abril
30,"Revlon Professional Equave Acondicionador Desenredante Cabello Expuesto al Sol, 200 ml",,,,4.4,594.0,
31,REVLON PROFESSIONAL Be Fabulous Hair Recovery Paso 2 Tratamiento Capilar - 250 ml,13.68,,5.47,4.4,19.0,6 de abril
32,Revlon Magnet Color Lock Repairing Champú 1000 ml,12.0,21.02,1.2,4.9,12.0,6 de abril
33,"Revlon Professional 45 Days Conditioning For Golden Blondes Champú, 275 ml",9.64,,3.51,4.5,115.0,6 de abril
34,Revlon ProYou Repair Treatment - Tratamiento reparador (500 ml),9.99,,,5.0,1.0,6 de abril
35,Revlon Professional ProYou Textura de Peinado para Alisar el Cabello 350 ml,12.2,12.99,3.49,4.1,20.0,
36,Revlon Equave Kids Princess Champú 2 In 1 300 ml,9.0,,3.0,4.6,451.0,6 de abril
37,"Revlon Equave Beauty Hydro Acondicionador instant&aacute;neo nutritivo, juego de 2&nbsp;x 500 ml",29.4,,5.88,4.1,4.0,7 de abril
38,Revlon Be Fabulous Texture Care Acondicionador Definidor de Rizos para Cabello Rizado 750 ml,,,,4.1,13.0,
39,Revlon Professional ProYou Champú Reparador 1000 ml,12.58,,1.26,,,
40,Revlon - Equave volumizing detang ling conditioner juego 3 x 200 ml,31.1,,5.18,4.8,47.0,7 de abril
41,Revlon Professional ProYou Champú Cuidado del Color,16.2,,1.62,4.5,76.0,
42,"L'Oréal Professionnel Champú Absolut Repair, 500 Mililitros",7.68,8.6,1.54,4.4,4709.0,6 de abril
43,Revlon 45 Days 2en1 For Brave Reds Champú y Acondicionador - 275 ml,9.99,,3.63,4.1,257.0,
44,"REVLON, Champú - 300 ml.",5.95,,1.98,4.0,51.0,6 de abril
45,"Revlon Professional Equave Hydro Nutritive Champú desenredante, 250 ml",6.48,7.89,,4.4,427.0,
46,Revlon Professional ProYou Reparadora,,,,4.0,73.0,
47,2 acondicionadores Hydro Instant Detangling Revlon Professional Equave 2 fase 200 ml,20.5,,5.13,4.5,24.0,7 de abril
48,Revlon Professional ProYou Champú Suavizante 1000 ml,12.02,30.0,1.2,,,
49,"REVLON Professional Eksperience Temporary Anti Hair Loss (Tónico), Único, Estándar",46.55,,,,,6 de abril
50,Revlon 45 Days 2en1 For Radiant Darks Champú y Acondicionador - 278 ml,,,,4.4,43.0,
51,"Revlon, Cuidado del pelo y del cuero cabelludo - 7 ml.",25.99,,,4.3,4.0,6 de abril
52,Revlon Professional Equave Duo Pack Acondicionador Desenredante Cabello Volumen/Champú,15.2,,,4.6,38.0,6 de abril
53,"Revlon Professional Eksperience Wave Remedy - Champú anti frizz, 1000 ml",,,,4.8,23.0,
54,Wella Champú Fusion - 1000 ml,17.95,,1.8,4.6,3276.0,6 de abril
55,Revlon Profesional ProYou Tratamiento Anti-Caída,17.95,,24.93,4.2,146.0,6 de abril
56,Revlon Professional ProYou Champú,12.25,,1.23,4.3,218.0,
57,Revlon 45 Days 2en1 For Golden Blondes Champú y Acondicionador - 276 ml,9.67,,3.5,4.3,98.0,6 de abril
58,Revlon Professional ProYou Champú Volumen 350 ml,5.54,5.71,1.58,,,
59,"REVLON Professional Eksperience Persistent Anti Hair Loss (SOS Loción 12X7ML), Único, Estándar",59.16,,,,,
60,Champú Anti Hair Loss Caída Eksperience Intercosmo 250ml,20.0,,8.0,4.5,22.0,6 de abril
61,REVLON PROFESSIONAL NUTRI COLOR 931/BEIGE CLARO 100ML (7241324931),7.0,,7.0,4.0,124.0,
62,Revlon Professional ProYou Champú Hidratante Rizos 350 ml,5.95,12.1,1.7,,,6 de abril
63,Revlon Professional Nutri Color Filters #097 Turquoise 100 ml,10.0,,,5.0,1.0,6 de abril
64,REVLON PROFESSIONAL UNIQ ONE ALL IN ONE Set Tratamiento Classic 150 ml + Tratamiento Green Tea 150 ml,20.45,,,5.0,2.0,
65,Revlon Professional Intragen Anti Hair Loss Shampoo 1000 Ml - 1000 Mililitros,44.0,,4.4,4.4,14.0,6 de abril
66,Revlon Professional ProYou Champú Vigorizante Anti-Caída 350 ml,5.95,9.92,1.7,5.0,1.0,
67,"Revlon Professional - Tratamiento ProYou anticaída del cabello, 6 ml, 12 unidades",,,,3.7,13.0,
68,Revlon Professional ProYou Mascarilla Cuidado del Color 500 ml,9.66,,1.93,,,
69,Revlon Equave Hydro Nutritive Detangling Conditioner 500ml x2,36.99,,3.7,4.8,239.0,6 de abril
70,"REVLON PROFESSIONAL Total Color Care Tratamiento Capilar, 150 ml",7.67,,,,,8 de abril
71,Revlon Professional ProYou Color,8.99,,2.57,4.1,12.0,
72,3xEquave Keratin Enriched Hydro Detangling Conditioner 500 Ml,39.3,,2.62,4.4,24.0,
73,REVLON NUTRI COLOR 812/BEIGE PERLADO 270ML,29.69,,11.0,4.2,233.0,
74,REVLON PROFESSIONAL Nutri Color Filters #821 Silver Beige 100 ml,9.99,,,4.5,14.0,6 de abril
75,Revlon Professional Sello de Brillo para Cabello Encrespado y Seco 80 ml,6.5,13.19,,4.1,9.0,
76,Revlon Nutri Color Creme Tinte Tono 200 Violeta - 100 ml,13.64,,13.64,4.4,260.0,6 de abril
77,Revlon ProYou Care Purifying Champú - 350 ml,9.03,,2.58,4.4,8.0,
78,Revlon Nutri Color Creme Tinte Tono 1003 Golden Blonde - 100 ml,13.46,,13.46,4.0,101.0,6 de abril
79,"Revlon, Accesorio de coloración - 500 ml.",30.05,,,4.5,22.0,6 de abril
80,"Revlon, Cuidado del pelo y del cuero cabelludo - 1000 ml.",29.72,,2.97,4.5,15.0,6 de abril
81,Revlon Be Fabulous Daily Care Champú Cuidado Diario para Cabello Normal 750 ml,24.89,,2.49,4.5,28.0,
82,Revlon Professional Nutri Color Creme 500-Purple Red 270 ml/ 300 ml,,,,4.7,655.0,
83,Revlon Style Masters Creator Memory Spray - 150 ml,15.19,,,4.3,25.0,6 de abril
84,Revlon Professional ProYou Acondicionador Suavizante 350 ml,9.46,,2.7,,,6 de abril
85,Revlon Professional Equave Duo Pack Acondicionador Desenredante Cabello Rubio/Champú,14.76,,3.28,4.8,95.0,
86,"REVLON PROFESSIONAL Nutri Color Cream - Cuidado capilar, color 1003-pale gold, 100 ml",9.25,,9.25,4.2,3.0,
87,Revlon Professional ProYou Champú Neutralizante 350 ml,5.95,12.1,1.7,,,
88,UNIQ ONE COCONUT all in one hair treatment 150 ml ORIGINAL,11.28,,,4.5,15.0,
89,Revlon Professional ProYou Champú Neutralizante 1000 ml,12.58,30.0,1.26,,,
90,Revlon Proyou White Hair Shampoo Champú - 350 ml,6.99,11.36,2.0,4.3,143.0,6 de abril
91,PACK UNIQ ONE (CLASSIC + LOTUS FLOWER),20.45,,,5.0,7.0,
92,Revlon Be Fabulous Hair Recovery Paso 4 Tratamiento Capilar - 250 ml,7.64,,3.06,4.6,18.0,6 de abril
93,Revlon Be Fabulous Daily Care Spray de Volumen para Cabello Fino 80 ml,,,,3.9,56.0,
94,ProYou Care Revlon Repair Shampoo For Damaged Hair Champú - 1000 ml (929-77055),14.89,,1.49,4.3,27.0,
95,"Revlon Professional intragen xxl-cosmetic trich Technology – Champú Loss, 1er Pack (1 x 1 l)",36.0,,3.6,4.7,29.0,
96,ProYou Care Revlon Repair Shampoo For Damaged Hair Champú - 1000 ml (929-77055),14.89,,1.49,4.3,27.0,
97,"Revlon Professional intragen xxl-cosmetic trich Technology – Champú Loss, 1er Pack (1 x 1 l)",36.0,,3.6,4.7,29.0,
98,Revlon Equave Kit Blonde Conditiner 200ml & Shampoo 250ml,15.99,,799.5,4.1,18.0,
99,REVLON PROFESSIONAL Uniq One All In One Hair Treatment,,,,4.7,679.0,
100,Revlon Be Fabulous Smooth Mask Mascarilla - 500 ml,22.89,,4.58,4.5,21.0,
101,"REVLON PROFESSIONAL Total Color Care Antifading Shampoo Champú, 1000 ml",,,,4.3,21.0,
102,Revlon Proyou Repair Shampoo For Damaged Hair Champú - 350 ml,9.4,,2.69,4.2,8.0,6 de abril
103,"Natural - ACONDICIONADOR - Para CABELLO SECO - COCO, ALMENDRA, JOJOBA, GERANIO Y LAVANDA - 250 ml - por POO FREE - Sin Sulfatos, Sin Parabenos, Sin Silicona. Concentrado, Fàcil de Enjuagar.",17.99,,7.2,4.2,20.0,6 de abril
104,"Acondicionador para cabello da&ntilde;ado por el sol Revlon equave Instant Beauty Sun Protection detang Ling, 50&nbsp;ml",5.95,,11.9,4.1,6.0,
105,Revlon Be Fabulous Daily Care Acondicionador Cuidado Diario para Cabello Normal 750 ml,,,,4.5,22.0,
106,Revlon Total Color Care Antifading Acondicionador - 750 ml,6.99,,,4.5,2.0,6 de abril
107,"Revlon, Cuidado del pelo y del cuero cabelludo - 150 ml.",5.48,,3.65,4.5,82.0,6 de abril
108,Revlon Equave Instant Beauty Hydro Detangling Shampoo 1000 ml - 1000 ml,23.31,,,5.0,2.0,
109,REVLON Equave Hydro Acondicionador,12.15,,6.08,4.6,352.0,8 de abril
110,Revlon Professional Nutri Color Creme Tinte Tono 812 Light Pearly Beige Blonde - 100 ml (7241324812),,,,4.2,113.0,
111,"Revlon, Cuidado del pelo y del cuero cabelludo - 250 ml.",18.93,,7.57,4.6,31.0,
112,Revlon Eksperience Hydro Nutritive Spray 190 Ml 1 Unidad 190 g,17.63,,9.28,4.8,50.0,
113,"Revlon ProYou Care Color Shampoo Champú, 1000 ml",16.86,,1.69,4.0,12.0,
114,"Revlon, Cuidado del pelo y del cuero cabelludo - 250 ml.",15.27,,6.11,4.5,17.0,
115,Revlon Equave Instant Beauty Blonde Detangling Acondicionador 200 ml,8.4,,4.2,4.7,239.0,
116,Revlon Professional Equave Champú Micelar Todo Tipo de Cabello 250 ml,8.51,,,4.6,55.0,6 de abril
117,Revlon Professional ProYou Boosters Reparador 10 x 15 ml,10.71,,7.14,,,
118,Revlon Be Fabulous Hair Recovery Paso 1 Tratamiento Capilar - 250 ml,8.0,,3.2,4.7,14.0,6 de abril
119,Revlon Eksperience Color Protection Blond-Grey Hair Cleanser 250 Ml - 250 ml,20.1,,,4.6,16.0,6 de abril
120,Revlon UniqOne Classic Pack de Tratamiento para el Cabello (Champú 300 ml y Tratamiento Capillar 150ml),15.9,18.9,,4.6,570.0,
121,Revlon Be Fabulous Hair Recovery Paso 3 Tratamiento Capilar - 250 ml,7.72,11.46,3.09,4.7,9.0,6 de abril
122,"Revlon&nbsp;Professional &ndash;&nbsp;Mascarilla Uniq One 300&nbsp;ml + pulverizador 150&nbsp;ml, cuidado capilar para cabello seco y castigado, todo en un&nbsp;uno, gama Revlon Professional",20.89,,,4.5,201.0,
123,"Revlon Blonderful 7 Polvo Decolorante - 750 gr, lila",,,,4.2,14.0,
124,"Revlon Nutri Color Cream - Cuidado capilar, 500 purple red ,100 ml",14.48,,14.48,4.5,196.0,6 de abril
125,REVLON PROFESSIONAL Elixir orofluido 25 ml,,,,4.6,140.0,
126,Revlon Be Fabulous Daily Care Champú Cuidado Diario para Cabello Normal 250 ml,,,,4.5,70.0,
127,Revlon Be Fabulous Smooth Mask Mascarilla - 200 ml,13.59,,6.8,4.3,59.0,
128,"Revlon, Cuidado del pelo y del cuero cabelludo - 150 ml.",18.14,,,4.6,249.0,
129,Revlon Be Fabulous Daily Care Mascarilla para Cabello Fino 200 ml,7.33,9.0,3.67,4.5,60.0,6 de abril
130,Novex Creme De Pentear Novex Meus Cachos Intensos 500G 500 ml,10.24,,2.05,,,
131,Revlon Professional proyou Hair Loss Rose Mary and HOPS extracts – hairloss Champú,14.08,,4.02,,,
132,Revlon Eksperience Scalp Comfort Dermo Calm Hair Cleanser 1000 Ml 1 Unidad 50 ml,,,,4.0,10.0,
133,Revlon Be Fabulous Texture Care Champú Definidor de Rizos para Cabello Rizado - 1000 ml,,,,4.0,20.0,
134,Revlon Style Masters Strong Sculpted Curls Tratamiento Capilar - 150 ml,14.18,,9.45,4.2,177.0,6 de abril
135,L'Oréal Professionnel Champú Vitamino 500 ml,13.5,,2.7,4.7,2645.0,6 de abril
136,Revlon Be Fabulous Daily Care Mascarilla para Cabello Fino 500 ml,7.33,14.39,1.47,4.6,57.0,
137,Revlon Professional ProYou Acondicionador Hidratante 350 ml,6.43,,1.84,,,
138,Proyou Care Revlon 929-14241 Proyou Color Treatment Tratamiento Capilar - 500 ml,9.99,13.59,2.0,4.2,30.0,6 de abril
139,Revlon Professional Equave Hydro Nutritive - Acondicionador (200 ml = 1200 ml),,,,5.0,4.0,
140,"Revlon 58072 - Champú, 1000 ml",16.89,,1.69,4.2,33.0,
141,"Revlon Be Fabulous Daily Care Normal Cream Shampoo, 1000 ml",29.08,,,5.0,3.0,6 de abril
142,Matrix Champú Neutralizador de Tonos Amarillos,6.9,9.5,,4.4,1367.0,6 de abril
143,REVLON PROFESSIONAL Sulfate Free 45 Days Intense Coppers 275ml + Nutri Color 400 100ml,22.0,,5.87,4.5,4.0,
144,"Bed Head by Tigi – Urban Antidotes Resurrection, champú para pelo dañado, 750 ml",7.15,,0.95,4.4,457.0,6 de abril
145,"Revlon, Cuidado del pelo y del cuero cabelludo - 125 ml.",,,,4.7,4.0,
146,ProYou Care anti-hair loss shampoo 350 ml,12.0,,3.43,4.2,58.0,
147,Revlon Orofluido Acondicionador 200 ml,9.59,,4.8,4.2,53.0,
148,L'Oréal Professionnel Nutrifier,7.15,21.25,1.43,4.3,2036.0,
149,REVLON PROFESSIONAL Sulfate Free 45 Days Intense Coppers 275ml + Nutri Color 400 100ml,22.0,,5.87,4.5,4.0,
150,Revlon Be Fabulous Daily Care Crema Acondicionadora para Cabello Fino 250 ml,8.0,,3.2,4.1,22.0,6 de abril
151,"Revlon Equave Instant Beauty Nutritive Conditioner, 500ml",17.45,,,,,
152,Revlon Be Fabulous Daily Care Mascarilla Cuidado Diario para Cabello Normal 500 ml,17.87,,3.57,4.5,20.0,
153,Revlon Proyou Purifying Detoxifying&Balancing Shampoo Champú - 350 ml,11.74,,3.35,3.9,5.0,6 de abril
154,Schwarzkopf Professional Blondme Keratine Restore Mascarilla - 200 ml,12.95,,6.48,4.4,1911.0,6 de abril
155,"Revlon, Cuidado del pelo y del cuero cabelludo - 1000 ml.",,,,4.7,17.0,
156,Moroccanoil Tratamiento,37.57,,37.57,4.6,31655.0,6 de abril
157,Revlon Be Fabulous Hair Recovery Acondicionador de Keratina para Cabello Dañado 250 ml,,,,4.2,171.0,
158,Revlon Professional 8007376030732 proyou Repair sōya and wheat proteína extracts Repair Champú for Damaged Hair,,,,5.0,1.0,
159,"Revlon - Champ&uacute; profesional anticaspa ProYou, 350&nbsp;ml",9.95,,,5.0,4.0,
160,OROFLUIDO Mask Mascarilla - 250 ml,6.25,11.57,2.5,4.5,126.0,6 de abril
161,Revlon Equave Instant Beauty Sun Protect Acondicionador 200 ml,7.9,,3.95,4.3,111.0,
162,Revlon Be Fabulous Daily Care Mascarilla Cuidado Diario para Cabello Normal 200 ml,12.99,,6.5,4.1,24.0,
163,Revlon Eksperience Anti Hair Loss Revitalizing Lotion 12 X 7 Ml 1 Unidad 100 g,34.07,,486.71,4.7,5.0,
164,Revlon Magnet Anti-Pollution Micellar Cleanser 250 ml,5.0,9.9,2.0,4.6,32.0,6 de abril
165,L'Oréal Professionnel Mascarilla Curl Contour 250 ml,16.77,,6.71,4.4,428.0,6 de abril
166,REVLON NUTRI COLOR 713/BEIGE ESCAR 270ML,20.37,,7.54,4.2,209.0,
167,"Wella SP Repair Conditioner Unisex 200 ml Professional hair conditioner - Acondicionadores (Unisex, 200 ml, Professional hair conditioner, Reparación, 1 pieza(s))",9.89,,4.95,3.2,4.0,6 de abril
168,REVLON NUTRI COLOR 300/AMARILLO 100ML,,,,4.2,5.0,
169,"Revlon, Cuidado del pelo y del cuero cabelludo - 900 ml.",,,,4.6,41.0,
170,Revlon Eksperience Hydro Nutritive Mask 200 Ml 1 Unidad 200 g,27.56,,13.78,4.4,27.0,
171,"Be Natural Pack de Alisado Profesional Brasileño + Pack Postalisado Lisso Keratina, Blanco",21.95,29.99,,4.2,148.0,6 de abril
172,REVLON EQUAVE INSTANT BEAUTY HYDRO NUTRITIVE CONDITIONER 500 ML,22.51,,4.5,4.5,157.0,6 de abril
173,"Revlon, Cuidado del pelo y del cuero cabelludo - 250 ml.",18.9,,7.56,4.7,29.0,6 de abril
174,Revlon Be Fabulous Daily Care Serum Anti Edad para Cabello Normal 80 ml,,,,3.9,6.0,
175,"Acondicionador para desenredar Equave Hydro Nutritive de Revlon, 500&nbsp;ml",17.77,,,4.7,1234.0,
176,REVLON NUTRI COLOR 000/BLANCO 100ML,10.87,,10.87,3.4,18.0,
177,REVLON PROFESSIONAL Sulfate Free 45 Days Radiant Darks 275ml + Nutri Color 411 100ml,,,,5.0,1.0,
178,Revlon Eksperience Sun Pro Marine Shampoo 250 ml - 250 ml,,,,4.3,16.0,
179,Revlon Style Masters Acondicionador Suavizante 250 ml,19.51,,,5.0,1.0,6 de abril
180,Equave Revlon Equave Instant Beauty Hydro Champú 250 ml,10.9,11.69,4.36,4.3,259.0,6 de abril
181,"Revlon uniq One All in One Lotus Flower - Tratamiento para el cabello (6 unidades, 150 ml)",53.25,,5.92,5.0,1.0,
182,REVLON PRO YOU TEXTURE SCRUNCH CURLY HAIR 350 ml,8.95,,,5.0,1.0,
183,"Revlon - Lote de Uniq One (150 ml), 3 unidades",26.97,27.87,,4.7,2176.0,
184,REVLON PROFESSIONAL Nutri Color Filters #300 Yellow 100 ml,8.68,,,,,6 de abril
185,REVLON NUTRI COLOR 000/BLANCO 270ML,14.99,21.1,5.55,4.5,99.0,
186,"Schwarzkopf Professional BONACURE Peptide Repair Rescue, Mascarilla Nutritiva Intensa, 750ml",,,,4.5,682.0,
187,Uniq One Revlon Unique One Coconut Hair Treatment 2 Pack 5.1 oz by Uniq One All In One,22.86,,,5.0,4.0,
188,"Revlon Uniq One Coconut - Tratamiento capilar, 150 ml + Revlon Profesional - Pro You Nutritive - Champú nutritivo 350 ml",18.89,,3.78,4.3,31.0,
189,Revlon Professional ProYou Champú Hidratante 350 ml,5.95,,1.7,,,
190,Revlon Professional ProYou Champú Volumen 1000 ml,12.24,,1.22,,,
191,"Revlon Uniq One - Tratamiento para cabello, 2 x 150 ml",18.8,,,4.8,889.0,
192,Revlon Uniq One All in One - Tratamiento de té verde (2 x 150 ml = 300 ml),,,,5.0,1.0,
193,Revlon Intragen Total Detox Remedy Defend Suero - 50 ml,6.06,,,4.6,5.0,6 de abril
194,Revlon Intragen Total Detox Remedy Shampoo Champú - 1000 ml,,,,4.8,6.0,
195,Revlon Uniq One Coconut Champu 1000ml x 2 Unidades Total 2000ml,28.59,,1.43,4.7,9.0,
196,"Revlon Pack Be Fabulous Daily Care Champu 250ml + Acondicionador 250ml + Mascarilla 200ml Hidratacion, Brillo, Anti-Edad",27.89,,,,,
197,Revlon Flex 2 Fases Nutritivo Acondicionador - 400 ml,2.65,,0.66,4.4,235.0,6 de abril
198,Postquam - Therapy | Placenta Vegetal Postquam Crystal para Combatir la Caida de Pelo - 12 Ampollas x 9 ml,15.0,15.9,13.89,4.0,215.0,6 de abril
199,REVLON PROFESSIONAL Equave Volumen Set,24.5,,,4.7,10.0,
200,Revlon ProYou - Tratamiento de color (500 ml),13.59,,2.72,,,
201,Pack Revlon Equave Kids Champu 300 ml + Acondicionador 200 ml,21.0,,,4.5,11.0,
202,Revlon Flex Princess Look Acondicionador 2 Fases sin Aclarado - 400 ml,3.45,3.99,0.86,4.4,536.0,6 de abril
203,Revlon Professional ProYou Champú Control Caspa 350 ml,9.7,,2.77,,,6 de abril
204,Revlon Nutri Color Creme Tinte Tono 1003 Golden Blonde - 270 ml,19.41,,,4.1,154.0,
205,Revlon Uniq One Champu 1000ml + Tratamiento de Coconut 150ml,25.99,,,5.0,1.0,
206,Revlon Rev Equave Ib Sun Protection Conditioner 200Ml 200 ml,11.93,,5.97,4.4,30.0,6 de abril
207,Pack Revlon Uniq One Champu Coconut 1000ml + Tratamiento Coconut 150ml,25.99,,,4.0,17.0,
208,Revlon Eksperience Wave Remedy Antifrizz Mask 200 Ml 1 Unidad 250 g,17.35,,8.68,4.3,21.0,6 de abril
209,Equave Professional Shampoo & Acondicionadores (acondicionador volumizante),,,,4.2,12.0,
210,Revlon Intragen Total Detox Remedy Restore Mask Mascarilla - 200 ml,14.68,,,4.8,8.0,6 de abril
211,"Garnier Original Remedies Champú Sólido - Tesoros De Miel Para Cabello Dañado, Quebradizo (C6455400)",3.99,4.95,,4.2,554.0,6 de abril
212,Revlon Style Masters Volume Acondicionador - 250 ml,15.88,,,4.3,6.0,
213,L'Oréal Professionnel Champú Curl Contour 300 ml,7.15,,2.38,4.4,664.0,6 de abril
214,Revlon Be Fabulous Daily Care Loción Spray - 150 ml,,,,4.8,13.0,
215,Revlon UniqOne Tratamiento 150ml + Revlon ProYou Champu Repair 350 ml,15.99,,,4.4,8.0,6 de abril
216,Aceite de Ricino 500 ml - 100% virgen - 1a presión en frío - Ricinus Communis,11.9,,,4.5,551.0,6 de abril
217,Revlon Be Fabulous Curly Shampoo Champú - 250 ml,14.22,,5.69,4.0,47.0,
218,Revlon Orofluido Conditioner Acondicionador - 1000 ml,17.89,,,4.2,59.0,
219,"Kyara Lambert - Shampoo Densificador x2 con Colágeno Marino concentrado | Densyfing Shampoo | Champú para Cabellos Finos, Volumen, Vitalidad y Fuerza | Sin siliconas",27.5,,6.88,3.4,26.0,6 de abril
220,Revlon Eksperience Wave Remedy Hair Cleanser 250 Ml 1 Unidad 100 g,18.5,,7.4,4.6,33.0,6 de abril
221,Sin especificar Revlon Uniq One All in One Champu 300 ml 400 g,9.57,,3.19,4.5,125.0,7 de abril
222,"EKS - Champú intensificante del color, 250 ml.",20.1,,8.04,4.3,8.0,6 de abril
223,Revlon Professional 8007376029286 proyou Color Gingko Biloba Extract Color Protecting Champú for Color de Hair tratado,,,,5.0,1.0,
224,"Revlon, Revelador para tintes de pelo, 900 ml.",,,,4.2,11.0,
225,Revlon Professional Uniq One Coconut Treatment,,,,,,
226,3 x Uniq One Coco Hair Treatment 150 ml. All-in-one,26.89,,5.98,4.7,12.0,
227,"Revlon Professional D: fi Daily Conditioner, 1er Pack (1 x 1 l)",9.02,,,5.0,3.0,
228,"Crema Nutri Color, de Revlon Professional",29.69,,11.0,4.2,1037.0,
229,Revlon Nutri Color Creme Tinte Tono 400 Tangerine - 100 ml,10.35,11.54,10.35,4.6,98.0,
230,Revlon COLORSILK Champú Glowing Rubio,11.28,,,4.4,73.0,6 de abril
231,Revlon Eksperience Densi Pro Cleanser 250 Ml 1 Unidad 100 g,22.57,,9.03,4.6,18.0,
232,Revlon - Intercosmo Magnifico 150 ml,10.0,,,4.4,394.0,6 de abril
233,"Revlon Eksperience Color Protection - Mascarilla protectora del color, 200 ml",,,,4.9,19.0,
234,Revlon Style Masters Curly FanatiCurls 150 ml,,,,4.5,2.0,
235,Revlon Professional ProYou Champú Suavizante 350 ml,5.73,12.1,1.64,,,
236,Revlon UniqOne Coconut Conditioning Champú - 1000 ml,,,,4.5,754.0,
237,"Revlon Orofluido Volume Mousse Medium Hold, Tratamiento Capilar - 300 ml",,,,4.2,21.0,
238,Orofluido Original Champú Libre de Sulfatos Todo Tipo de Cabello 200 ml,4.99,7.99,,4.3,604.0,6 de abril
239,Revlon Uniq 1 All in One Shampoo 300ml and Hair Treatment 150ml Gift Pack,15.9,,,4.3,20.0,
240,Revlon Uniq OneA CONDICIONADOR 150ml (Set of 6) by Uniq One,55.0,,6.11,4.8,186.0,
241,Orofluido Original Elixir de Belleza Serum para todo tipo de Cabello 100 ml,9.95,13.89,9.95,4.5,727.0,6 de abril
242,Revlon Professional 8007376029279 proyou Color Gingko Biloba Extract Color Protecting Champú for Color de Hair tratado,26.4,,2.64,,,
243,Revlon Style Masters Pure Laca - 325 ml,,,,3.7,7.0,
244,Revlon Style Masters Reset 150 Ml 150 g,,,,3.8,34.0,
245,Revlon Professional champú post tinte,38.99,,,,,
246,Champú 45 days + mini Nutri color crema Brave Reds Nutri Color,16.18,,4.98,,,
247,Naturaleza Y Vida Mascarilla Coloursafe Negro - 300 ml,5.55,,1.85,4.3,138.0,6 de abril
248,REVLON NUTRI COLOR 700/VERDE 100ML,9.79,,9.79,3.9,49.0,7 de abril
249,EKS Máscara Hidratante Nutriente 200 ml.,28.9,,14.45,4.6,19.0,6 de abril
250,Revlon Productos para el Cuidado del Cabello 1 Unidad 200 g,16.3,,1.63,4.6,2.0,
251,Uniq One Tratamiento 150ml + Orofluido Elixir 100ml + Equave Champu Desenredante 250ml,26.99,,,5.0,3.0,
252,Revlon Uniq One Espuma Tratamiento 200 ml (Cabello Fino),10.95,13.48,5.48,4.6,14.0,
253,REVLON PROYOU REPAIR shampoo for damaged hair 350 ml,12.22,,,4.2,8.0,6 de abril
254,Revlon Professional ProYou Acondicionador Cuidado del Color 350 ml,10.29,,2.94,,,6 de abril
255,BLONDERFUL SOFT LIGHTENER ACTIVADOR 900ML,9.15,,,5.0,1.0,6 de abril
256,Revlon Professional ProYou Bálsamo Suavizante 350 ml,10.49,,3.0,,,
257,Orofluido Original Acondicionador Desenredante Todo Tipo de Cabello 200 ml,8.8,,4.4,4.4,19.0,6 de abril
258,Selectivo - Todo en Uno 15 COLOR - 150 ml Spray para cabello color y rubio.,15.89,,10.59,4.6,100.0,6 de abril
259,"OROFLUIDO Revlon Orofluido Primer Cream Tratamiento Capilar, 50 ml",8.36,,,5.0,1.0,6 de abril
260,Revlon 24 Days 2en1 Shampoo &Conditioner For Intense Coppers Acondicionador - 275 ml,11.99,,4.36,4.3,313.0,6 de abril
261,Revlon COLORSILK Gorgeous Brunette - Champú,14.22,,5.69,4.1,300.0,7 de abril
262,"Revlon Intragen Anti Hair Loss - Champú, 1000 ml",38.0,,,4.0,1.0,
263,3 x Crema alisadora Revlon Acondicionadora Super 425 g (total – 1275 g),18.03,,,5.0,6.0,
264,Revlon Professional ProYou Champu Neutralizant 5000ml,33.38,,0.67,,,
265,"Revlon Equave Hydro Champú, 250 ml",10.97,,,4.6,7.0,
266,Revlon Sensor Volumizer Shampoo Champú - 200 ml,14.82,16.5,7.41,4.2,14.0,6 de abril
267,"REVLON 500ML, ORO FLUIDO MASCARILLA Unisex adulto, Negro",36.72,,,,,
268,Revlon Flex - Crema Suavizante Cabellos Normales - 650 ml,2.99,,0.46,4.4,216.0,6 de abril
269,Revlon REV00125 Champú – 400 ml,9.53,,2.38,,,6 de abril
270,Revlon 58082 - Cuidado capilar,22.09,,,5.0,1.0,7 de abril
271,Revlon Flex Acondicionador con 2 Fases sin Aclarado - 400 gr,3.95,,0.99,4.3,170.0,6 de abril
272,somnis&hair by abril et nature Curl Shine Mask 300ml. Mascarilla Acondicionadora Cabello Rizado u Ondulado. Producto Vegano,12.99,,4.33,5.0,4.0,
273,"Revlon Uniq One All in One Lotus Flower - Tratamiento capilar, 150&nbsp;ml",25.69,,17.13,4.7,80.0,
274,"Schwarzkopf Osis Curl Honey Cream, Crema de rizos, 150 ml",4.9,16.8,3.27,4.0,1417.0,6 de abril
275,Revlon Uniq One All in One Hair Treatment 150 ml ***New *** Free Shipping Fast Shipping Ship Worldwide by Uniq,,,,,,
276,"L'Oreal Paris Elvive Color Vive Mascarilla Intensiva Violeta Matizadora, Para Pelo con Bases Oscuras, Mechas o Decolorado, 250 ml",3.99,5.5,1.6,4.4,456.0,6 de abril
277,"Tratamiento para el cabello Revlon Uniq One, olor a coco",26.89,,5.98,4.9,142.0,
278,Revlon Uniq One Tratamiento 150 ml + Revlon ProYou Champu Color 350 ml,17.09,,,4.5,25.0,
279,Pack Shampooing 300 ML + Soin Uniq One 150 ML Revlon,16.88,,,4.6,324.0,
280,Acondicionador Orofluido New 1000Ml,21.99,,2.2,4.3,63.0,6 de abril
281,Mascarilla sin aclarado con aceite de argan Shining Professional 200ml,10.29,,5.15,4.9,12.0,
282,"Revlon Orofluido Elixir - Cuidado capilar, 50 ml",17.01,,,4.3,10.0,6 de abril
283,American Crew Champú Hidratante Profundo Diario 100ml - 100 ml,6.7,,,,,
284,Champú CB Bálsamo lavante con keratina y proteína de soja SIN SAL 500ml. sesioMWorld®,14.8,,2.96,4.3,3.0,6 de abril
285,Orofluido Original Elixir de Belleza Serum para Todo Tipo de Cabello 50ml,6.7,,13.4,4.4,77.0,6 de abril
286,"Mascarilla Hidratante Para El Cabello Y Acondicionador Profundo Mascarilla Desintoxicante Para El Cabello, Aceite De Argán Botánico Natural Mejoramiento De Las Raíces Capilares - 120ML",12.75,,10.63,3.9,787.0,6 de abril
287,2 Phase Volumising Conditioner by Revlon Professional,,,,4.2,67.0,
288,VITALITY'S MASCARILLA ESPRESSO VIOLETA 200 ML.,19.5,,9.75,4.5,2.0,
289,ANTI POROSITY MILK 250ML,3.56,,1.42,4.4,52.0,
290,Schwarzkopf Professional BC Moisture Kick Spray Conditioner Acondicionador - 400 ml,17.5,,4.38,4.6,1086.0,
291,Wella Professionals Crema Alisadora Intense Straighten It 200 ML,18.88,,9.44,3.8,7.0,
292,"Champú Matizador Rubio con Pigmentos Violetas Para Conseguir Tonos Plateados - Adiós al Amarillo: Revitaliza el Cabello Rubio Teñido, Decolorado y con Mechas - Sin Sulfatos - 237 ml",19.95,,,4.3,34109.0,6 de abril
293,Revlon Be Fabulous Daily Care Acondicionador Cuidado Diario para Cabello Normal 250 ml,6.73,,2.69,4.1,25.0,
294,American Crew Fibra Moldeadora (Fijación Fuerte/Brillo Suave),20.9,,,4.3,1697.0,
295,Revlon Style Masters Acondicionador - 250 ml,12.75,,,5.0,1.0,6 de abril
296,Schwarzkopf Professional Osis Blow & Go Express Blow Dry Spray Tratamiento Capilar - 200 ml,13.05,,6.53,4.6,239.0,6 de abril
297,Schwarzkopf Professional Blondme Blonde Toning Tono Ice Tratamiento Capilar - 60 ml,14.25,,23.75,4.2,764.0,
298,Revlon Flex champú con Keratina cabellos teñidos o con mechas 650 ml,4.34,,0.67,4.2,4.0,
299,Revlon All In One Hair&Scalp Conditioning Shampoo Champú - 300 ml,9.99,,3.33,4.3,138.0,
300,"Schwarzkopf Professional Bonacure Cuidado del pelo y del cuero cabelludo, 75 ml",7.9,10.02,10.53,4.5,970.0,6 de abril
301,"Natural - ACONDICIONADOR - COCO, ROMERO & ARBOL DEL TÈ - 250ml- por AMOR FLORUM Sin Sulfatos, Sin Parabenos, Sin Silicona. Concentrado. pH 5.2-5.7 para Pieles Sensibles. 99,5% Derivado de Plantas.",17.99,,7.2,3.3,5.0,6 de abril
302,glättung Crema Revlon Professional lastig Shape Smooth Smothie Thing Cream S 250 ml,,,,5.0,1.0,
303,"Revlon Nutri Color Creme 1003 - Alisador, dorado muy claro, 250&nbsp;ml",19.99,,,4.7,6.0,
304,Revlon Equave Kids Detangling Conditioner 265 g,13.31,,,,,
305,Revlon Style Masters Double Or Nothing Brightastic Suero - 100 ml,15.28,,,4.7,6.0,
306,Revlon Style Masters Smooth Shampoo For Straight Hair Champú - 400 ml,14.17,,,3.9,12.0,
307,Schwarzkopf Professional BC Peptide Repair Rescue Champú Micelar Nutritivo Intenso - 250 ml,7.3,7.5,2.92,4.2,131.0,6 de abril
308,American Crew Precision Blend Champú - 250 ml.,11.01,,4.4,4.3,16.0,6 de abril
309,Revlon REV00129 Champú – 400 ml,10.27,,2.57,,,7 de abril
310,REVLON Uniq One All In One Hair Treatment 5.1oz. - NEW ORIGINAL by Uniq One,11.43,,,4.8,95.0,
311,"Revlon - Crema acondicionadora (regular, 425 g)",,,,3.4,14.0,
312,PRO YOU WHITE HAIR SHAMPOO 350 ML,12.89,,3.68,4.8,7.0,
313,Loreal Expert Vitamino Color Resveratrol Champú 1500 ml,19.75,,1.32,4.7,1003.0,6 de abril
314,"American Crew Classic - Champú Anticaspa con efecto acondicionador, 250 ml, 1 unidad",10.32,,4.13,4.0,4.0,6 de abril
315,Revlon Essentials Dry & Go 761318253051} - Secador de pelo de viaje,22.89,,,4.8,34.0,
316,Orofluido Asia Mascarilla para Cabello de Accion Reparadora 500 ml,20.32,,4.06,4.2,130.0,
317,Revlon Total Color Care Antifanding Shampoo For Blondes Champú - 1000 ml,26.81,,,4.5,25.0,
318,Uniq One Pack - Tratamiento + Mascarilla.,,,,4.5,43.0,
319,Sebastian Penetraitt Champú - 1000 ml,31.95,,3.2,4.4,93.0,
320,"OLAPLEX Hair Perfector No.4 - Cuidado capilar, 100 ml",18.88,,18.88,4.4,66234.0,6 de abril
321,Schwarzkopf Professional BM CHAMPÚ RUBIOS FRÍOS 1000ML,19.93,,1.99,4.6,453.0,
322,American Crew Classic Gray Champú - 250 ml.,13.9,,5.56,4.9,7.0,6 de abril
323,Tónico vitalizante Anti Hair Loss Eksperience Intercosmo 125ml,28.0,,22.4,4.7,9.0,
324,Uniq One Tratamiento Te Verde 150ml X 2 Unidades,19.17,,,,,
325,pelo crecimiento diario Nutritivo spray Dejar Natural Acondicionador anti encrespamiento Reducir rizado pelo muy rizado | Aceite de argán Biotina queratina seda Aminos de árbol de té 8 onzas líquidas,31.23,,13.18,4.3,193.0,
326,Uniq One All in One Champú 300 ml + Cuidado 150 ml,23.5,,7.83,4.5,121.0,
327,American Crew Champú Diario (Cabellos Finos) - 1 l.,28.9,32.92,2.89,4.7,59.0,
328,"Schwarzkopf Professional BlondMe Additivo Tóner Rubio Hielo, 1 unidad (1 x 60 ml)",16.18,,26.97,4.4,1194.0,6 de abril
329,Schwarzkopf Professional Blondme Bonding Shampoo Champú - 250 ml,6.13,6.34,2.45,4.3,119.0,6 de abril
330,American Crew Detox Champú 1000ml - 1000 ml,26.5,,,,,
331,American Crew Champú Limpiador Diario 250ml/8.45oz - 250 ml,13.9,,,,,
332,"Argania Máscara para pelo, Cabello Mascarillas, Hair Mask, mascara de cabello Profesional, Reparación Profunda reconstructor instantáneo para cabello dañado, 250 ml",19.99,,8.0,3.7,911.0,6 de abril
333,"OGX, Champú Keratina Brasileña, Cabellos Ondulados o Rizados 385 ml",5.95,7.9,1.55,4.2,913.0,6 de abril
334,CHAMPU VITAMINO COLOR A-OX 300ML - NUEVO FORMATO,,,,4.4,1123.0,
335,"KATIVA Alisado Brasileño de Pelo, Hidratante con Keratina y Aceite de Argán orgánico",8.95,14.95,,4.1,3602.0,6 de abril
336,"KATIVA Alisado Brasileño de Pelo, Hidratante con Keratina y Aceite de Argán orgánico",8.95,14.95,,4.1,3602.0,6 de abril
337,Revlon Uniq One All In One - Juego de 3 unidades,42.0,,,5.0,1.0,
338,American Crew American Crew Daily Moisturizng Shmp 152Oz/450Ml 450 ml,14.22,,3.16,3.8,15.0,6 de abril
339,Uniq One Tratamiento Te Verde 150ml X 3 Unidades,26.48,,,,,
340,Revlon REV00130 Shampoo - 400 ml,10.33,,2.58,4.0,1.0,
341,Revlon Hair Treatment - Acondicionador para reparación (50 ml),12.0,,,5.0,1.0,
342,American Crew Champú Hidratante Diario - 250 ml.,9.9,,3.96,5.0,5.0,6 de abril
343,"Mascarilla de Pelo Morado-Matizador para Cabello Rubio y Gris - para Tintes Color Platino, Blanco y Gris - Acondicionador y Reparación de Cabello Seco, Dañado y Decolorado - Sin Sulfatos",19.95,,9.28,4.3,27084.0,6 de abril
344,"L'Oréal, Acondicionador de pelo - 1 unidad",25.89,,2.59,4.6,154.0,
345,American Crew Classic Activador - 450 ml.,17.92,,3.98,4.3,70.0,
346,Revlon 59003 - Cuidado capilar,11.32,,,4.0,1.0,
347,"L'Oréal Professionnel, Champú Silver para Cabellos Blancos y Grises - 300 ml",6.25,,2.08,4.5,13631.0,6 de abril
348,Uniq One All in One Champú 300 ml + Cuidado 150 ml,23.5,,7.83,4.5,121.0,
349,Revlon Uniq One tratamiento 3 unidades x 150 ml + Alkimist Professional crema de manos y uñas 75 ml,39.0,,,4.7,50.0,
350,Revlon REV00126 Champú – 400 ml,,,,4.7,5.0,
351,"Naturalium Karité y Macadamia - Mascarilla Capilar Extra Nutritiva con Keratina para Cabello Normal y Seco, Sin Colorantes, Sin Parabenos, formato 200 ml",3.39,,,3.8,17.0,6 de abril
352,Uniq One All-in-One Hair Treatment by Uniq One,15.42,,,,,
353,"Fanola, Mascarilla para el pelo - 1 unidad",9.99,,0.67,4.5,4153.0,
354,Schwarzkopf Professional Strait Styling Therapy Straightening Cream Tratamiento Capilar - 300 ml (914-84310),22.83,,7.61,3.8,89.0,6 de abril
355,American Crew Champú Limpiador Diario 100ml - 1000 ml,6.7,,,,,
356,Beauty Elixir 100 ml,13.95,,13.95,,,
357,UniquOne Hair Treatment 150 ml,,,,,,
358,Champu ORO FLUIDO New 1000Ml Sin Sulfatos,17.89,,1.79,4.2,437.0,
359,"VISAGE Mascarilla capilar con aceite de argán y queratina | Tratamiento capilar para cabello dañado y seco | Hidratante, sin experimentos con animales, tratamiento premium de 500 ml",21.0,,4.2,4.1,386.0,6 de abril
360,Bed Head by TIGI Crema para recuperar rizos 125 ml,5.0,,4.0,4.3,2883.0,6 de abril
361,Eksperience Anti Hair loss 12 x 7ml Intercosmo,42.0,,50.0,4.7,18.0,
362,"Schwarzkopf Schauma Niños champú y bálsamo muchacha, paquete de 3 (3 x 250 ml)",,,,4.0,37.0,
363,L'Oréal Professionnel Expert - Aminexil Advanced antichute - Tratamiento avanzado anticaída con doble acción - 10 doses de 6 ml,26.18,,43.63,4.3,84.0,6 de abril
364,American Crew Tea Tree Champú De Equilibrio - 250 ml.,19.95,,7.98,,,
365,Revlon Uniq One Tratamiento Cuero-Cabelludo Completo 100Ml,17.99,,17.99,4.1,16.0,
366,"LIGHT IRRIDIANCE MASCARILLA NUTRITIVA ROJA 300ML MASKOLOR, Rojo Cereza-Cherry",8.7,11.11,,4.5,28.0,
367,Schwarzkopf Professional BC PEPTIDE REPAIR RESCUE Micellar Shampoo 500ml,8.05,,1.61,4.5,140.0,6 de abril
368,American Crew Champú Hidratante Diario - 450 ml.,14.0,,3.11,4.2,241.0,6 de abril
369,NUEVO ENVASE: Tratamiento Anticaída PlacentForte Placenta y Vitaminas sesiomworld 36 ampollas,30.28,,8.41,4.1,179.0,6 de abril
370,Salerm Cosmetics White Hair Champú - 250 ml,5.03,,2.19,4.0,14.0,6 de abril
371,Kativa Kit Mantenimiento Post Alisado 2 Unidades - Champú y Acondicionador Post Tratamiento - Alarga la Duración del Alisado,9.8,20.5,,4.4,2251.0,6 de abril
372,Schwarzkopf Bold Color Wash Champú de Color Rosa - 300 ml,13.51,,,4.6,691.0,6 de abril
373,Profesional Cosmetics Best10 champú repair intensive 3 en 1-1000 ml.,16.58,,1.66,4.0,1.0,6 de abril
374,"Cantu Define & Shine Custard - Manteca de karité para rizos, 340g, 1 unidad",14.99,,,4.3,6688.0,6 de abril
375,"Champú Anticaida, Caida Pelo-, Serum Crecimiento Cabello, Serum Cabello, Tratamiento para el Cabello y Fortalece los Folículos para el Crecimiento Del Cabello Hombre y Mujer-300 Ml",12.99,13.99,4.33,3.9,862.0,6 de abril
376,"L'Oréal Expert Professionnel, Champú - 1500 ml.",28.9,,1.93,4.6,911.0,
377,"Fanola - Mascarilla colorante profesional Oro Therapy 24 K, aporta brillo, hidrata, aviva color y ayuda a iluminar reflejos, 250 ml, 250ml rojo",9.99,,4.0,4.2,685.0,6 de abril
378,American Crew Set De Champú Diario Y Fiber,16.95,,,4.0,4.0,
379,"Paquete Texture My Way®, 3 productos | Loción capilar hidratante Curl Keeper de 355 ml | Pasta ultradefinidora de rizos Keep it Curly de 450 ml | Crema suavizante y desenredante Easy Comb de 355 ml",21.16,,,4.4,43.0,
380,Uniq 1 All in One Hair Treatment by Revlon,11.43,,,4.9,50.0,
381,"Fanola, Champú No Yellow, 1000 ml.",11.69,,1.17,4.6,54657.0,6 de abril
382,American Crew Champú Hidratante Diario - 1 l.,13.95,,1.4,4.4,275.0,6 de abril
383,"L’Oréal Paris Elvive Color Vive Mascarilla Violeta Matizadora para el Pelo con Mechas, Rubio o Gris - 150 ml",3.9,4.95,2.6,4.1,315.0,6 de abril
384,"Fanola Champú NO YELLOW Antiamarillo - Especial cabellos grises, aclarados, decolorados, mechas, rubio claro - PROFESIONAL 350mL",6.75,,1.93,4.4,37723.0,6 de abril
385,American Crew Acondicionador Diario 1000 ml,10.15,,1.02,4.5,2155.0,6 de abril
386,Tahe - Ionic - Mascarilla de color Rojo Fuego,9.99,,,4.4,7.0,7 de abril
387,"Beauty Box La Fresca! Capilar para cabellos normales con extractos naturales, ecológicos y veganos. Pack regalo original para Navidad, San Valentin o el amigo invisible.",104.0,,,,,6 de abril
388,American Crew Champú Diario - 1 l.,12.69,,1.27,4.6,3349.0,6 de abril
389,"Isdin Nutradeica Champú Anticaspagrasa, Reduce la Descamación, el Picor y el Exceso de Sebo 1 x 200ml",15.45,,7.73,4.3,78.0,6 de abril
390,"American Crew 3 en 1 Champú, Acondicionador Y Gel De Ducha - 1 l.",27.74,,,4.7,3798.0,
391,Schwarzkopf Professional BC Collagen Volume Boost Champú Micelar - 250 ml,5.35,10.61,,4.3,335.0,6 de abril
392,American Crew Acondicionador De Pelo 1 Unidad 1000 ml,15.79,17.2,1.58,4.6,36.0,
393,"OGX Champú sin Sulfatos ni Parabenos para el Crecimiento del Cabello, Biotina y Colágeno, 385 ml",5.87,7.9,1.52,4.4,5483.0,6 de abril
394,American Crew Crema Para Fijación Y Brillo Fuerte - 2 Unidades x 85 gr.,25.49,,,4.3,331.0,6 de abril
395,American Crew Tratamiento Revigorizante Del Cuero Cabelludo - 100 ml.,17.26,21.28,17.26,4.4,58.0,
396,Schwarzkopf Professional Leche Neutralizante - 1000 ml,15.94,17.16,1.59,4.2,70.0,
397,American Crew Champú Diario 250 ml,10.79,,4.32,4.3,371.0,6 de abril
398,Revlon Sensor Vitalizing Conditioning-Shampoo Champú - 200 ml,4.88,,2.44,,,6 de abril
399,CREMA DE RIZOS STYLING FORM200 ML,17.25,,,4.2,4.0,
400,"Sesiomworld Permanente Loción Moldeadora Nº0 Fuerte Cabellos Difíciles de Rizar, 500 ml 1 Unidad 600 g",13.9,,2.78,3.5,8.0,6 de abril
401,"Johnson's Gotas de Brillo Acondicionador en Spray para niños, cabellos más brillantes, suaves y sedosos - 3 x 200 ml",,,,4.3,55.0,
402,beautyge cuidado Revlon Permanente Great Feeling,,,,5.0,7.0,
403,American Crew Travel Grooming Kit,15.89,,,4.3,7.0,
404,Champú 45 Days + mini Nutri color crema Golden Rubio Nutri Color,16.18,,4.98,,,
405,"L'Oréal Absolut Repair Lípido Reparador del Cabello, 250 ml",18.32,,7.33,4.4,826.0,
406,"L'OREAL KIDS - Champú, fresa, 250 ml",7.3,,2.92,3.6,2.0,
407,SCHWARZKOPF IGORA VARIO BLOND PLUS AZUL 7/NIV 450 G,19.05,,,4.5,87.0,
408,American crew Techseries Boost Spray Dry shampoo 200ml - champú seco,14.61,17.01,7.31,4.4,77.0,9 de abril
409,American Crew Fortifying Champú 250 ml,,,,4.4,156.0,
410,Color Mask Pigment Kur Pastel Pink Kay Pro Kepro Treatment 300 ml,17.4,,5.8,,,6 de abril
411,American Crew Classic Power Cleanser Style Remover Champú De Uso Diario - 250 ml.,13.5,,5.4,4.9,17.0,6 de abril
412,Revlon Uniq One Coconut Hair Treatment 150 ml,22.86,,,,,
413,"Nirvel Care XPRESS MASK - Mascarilla, actúa en 1 minuto, 1000 ml",16.79,21.11,1.68,4.6,30.0,
414,PACK UNIQ ONE COCO ALL IN ONE CHAMPU + TRATAMIENTO,,,,5.0,2.0,
415,Schwarzkopf Professional BC Fibre Force Fortifying Mask Mascarilla - 150 ml,8.9,13.42,5.93,4.2,615.0,
416,Alfaparf Lisse Design Duo Champú y Acondicionador,18.89,,3.78,4.6,2027.0,6 de abril
417,"OGX Aceite de Argán de Marruecos, aceite seco ligero revitalizador, aceite, pelo radiante, sedoso, suave, brillante, antiencrespamiento - 118 ml (2725000)",5.95,7.9,5.04,4.3,7357.0,6 de abril
418,American Crew Loción de Fijación Ligera 250 ml,10.06,11.7,,4.5,2083.0,6 de abril
419,"Tahe Ionic Lumière Mascarilla Capilar/Mascarilla de Color de PH de 3,5 Ácido, sin Parebenos. Altamente Nutriente e Hidratante, Rojo Fuego, 100 ml",6.7,,6.7,4.7,99.0,6 de abril
420,Ampollas Anticaída Tratamiento de Mantenimiento (12 ampollas de 10ml),8.25,9.99,6.88,4.1,455.0,6 de abril
421,L'Oréal Professionnel Expert - Absolut Repair Lipidium - Champú reconstructor instantáneo para cabellos muy estropeados - 500 ml,19.74,,,4.3,819.0,
422,Crema Hidratante Real Marroquí de 300ml Rizado,12.16,12.99,,4.4,46.0,6 de abril
423,American Crew Champú,,,,4.4,1258.0,
424,DIKSON Mascarilla Reavivante de Colores Rojo/Caoba - 250 ml,7.08,,2.83,3.9,4.0,
425,Svenson Champú Hidratante con Acido Hialurónico - 200 ml.,15.95,,7.98,4.1,17.0,6 de abril
426,L'Oréal Professionnel Crema Curl Contour 150 ml,8.11,,5.41,4.4,435.0,6 de abril
427,American Crew Daily Grooming Kit - 840 gr,19.0,,,,,
428,American Crew Detox Champú 250ml - 250 ml,14.25,,,,,
429,Schwarzkopf Professional Mascarilla para Cabellos Rubios - 500 ml,27.44,,5.49,4.6,2035.0,
430,"Garnier Fructis Nutri Rizos Contouring Mascarilla Intensiva Fortificante que Nutre y Define, con Pectina de Fruta y Aceite de Pistacho - 300 ml",3.54,4.2,1.18,4.6,86.0,6 de abril
431,American Crew Power Cleanser Style Remover Champú De Uso Diario - 1 l.,17.67,,1.77,4.5,305.0,9 de abril
432,American Crew Champú Diario - 450 ml.,8.41,,1.87,4.5,445.0,6 de abril
433,"Novex Mis Rizos,Intensos Crema de peinar 500g",7.7,11.29,,4.1,308.0,6 de abril
434,Neositrin Protect Spray Acondicionador sin aclarado que repele los piojos -250ml,9.77,12.55,,4.6,1202.0,6 de abril
435,Postquam - Hair Care | Acondicionador Sin Aclarado Bifasico Hidratante Nutritivo y Suavizante - 500 Ml,6.63,7.7,1.33,4.0,74.0,6 de abril
436,"L'Oreal Paris Elvive Color Vive Champú Violeta Matizador, Para Pelos Teñidos, Rubios, Decolorados o Grises, Pack de 3 Unidades x 200 ml , Total: 600 ml",11.25,11.55,1.88,4.5,769.0,6 de abril
437,"L'Oreal, Nutrifier Champú - 1500 ml",26.55,,1.77,4.4,2077.0,
438,Mascarilla color protection EKSperience Intercosmo 200ml,28.99,,,4.3,5.0,6 de abril
439,L'Oréal Professionnel Expert - Absolut Repair Lipidium - Champú reconstructor instantáneo para cabellos muy estropeados - 500 ml,19.74,,,4.3,819.0,
440,L'Oreal Vitamino Color - Champú Capilar - 1500 ml,28.9,,1.93,4.7,1163.0,
441,"Clearé Institute Champú Camomila - Limpia, Nutre y Acondiciona | Reflejos Dorados y Luminosidad | 98% Ingre. Naturales | Sin Parabenos, Siliconas ni Sulfatos SLES, SLS | Para Toda la Familia - 400ml",11.97,12.5,2.99,4.2,138.0,6 de abril
442,"L'Oreal Paris Elvive Aceite Extraordinario Rapid Reviver Mascarilla Instantánea Nutritiva, para pelo seco - pack de 3 x 180 ml",,,,4.2,15.0,
443,American Crew Techseries Espuma De Control Y Fijación De Larga Duracion - 200 ml.,14.81,15.19,7.41,4.3,51.0,
444,"Selective, Mascarilla hidratante y rejuvenecedora para la cara - 150 ml.",14.25,,9.5,4.7,249.0,6 de abril
445,"Schwarzkopf BC Bonacure - Champú Micelar Sin Sulfatos, pH 4.5 Color Freeze, 1000 ml",16.99,,1.7,4.5,785.0,6 de abril
446,UNIQ ONE - Tratamiento para el cabello (150 ml),11.43,,,5.0,9.0,
447,Mascarilla Color Chocolate - Kay Pro,17.6,,5.87,3.7,6.0,6 de abril
448,Uniq One All in 1 - Tratamiento para el cabello (12 unidades),149.16,,,3.6,2.0,
449,"Nirvel Technica MASCARILLA Keratin 250 ml, Negro, 250mL",9.46,9.87,,2.9,2.0,
450,"MULTIPROTECTOR CAPILAR CON PROTECCIÓN SOLAR, SAL Y CLORO By G. Bera",6.99,,6.99,3.5,37.0,6 de abril
451,YUNSEY COLOR REFRESH MASK ROJO 200 ML,8.8,13.15,,4.8,11.0,
452,American Crew Power Cleanser Style Remover Champú De Uso Diario - 250 ml.,4.99,5.69,2.0,4.0,55.0,6 de abril
453,Wella Creatine+ Straight C 200ml,27.0,,,4.2,38.0,
454,Somnis&Hair Restoring Cream - Crema Sin Aclarado para cabello dañado 180ml,12.99,,,1.0,1.0,
455,Jean Claude Olivier | Ampollas Anticaida con Placenta Vegetal - 12 Ampollas x 9 Ml,11.79,,10.92,4.0,77.0,6 de abril
456,American Crew Champú Limpiador Diario 1000ml - 1000 ml,26.5,,,,,
457,Garnier Ultra Doux À l'Huile d'Avocat et Beurre de Karité - Crème de soin sans rinçage Cheveux Très Secs ou Frisés 200 ml - Lot de 2,31.99,,8.0,4.2,171.0,6 de abril
458,"PERICHE, Negro, Kode Klor Color Daily Care Mascarilla 500 ml, 500",6.95,,,5.0,1.0,
459,Activador de Rizos AfroHair 500ml,10.69,,,3.6,11.0,
460,Salerm Cosmetics Keratin Shot Maintenance Champú - 500 ml,11.95,14.9,2.39,4.4,391.0,6 de abril
461,"Clearé Institute - Mascarilla Camomila | Nutre, Acondiciona y Desenreda | Reflejos Dorados y Luminosidad | 95% Ingredientes Naturales | Calma el Cuero Cabelludo | Con Extracto de Camomila -150ml",8.89,9.4,5.93,4.1,63.0,6 de abril
462,"Schwarzkopf Professional Blondme Instant Blush Tono Ice Tratamiento Capilar - 250 ml, Rubio Claro (914-68895)",9.99,12.0,4.0,4.4,332.0,
463,SALERM PLACENTA VEGETAL REESTRUCTURADORA Ampollas 4 x 13 ml,9.99,,,3.9,21.0,
464,Schwarzkopf Bc Ph4.5 Color Freeze Champú Micelar Rojo Intenso 250Ml (2328006),9.99,11.02,4.0,4.2,22.0,
465,NOSA - Spray desenredante,10.94,,4.38,4.7,177.0,
466,"L'Oréal Expert Vitamino Color A-Ox - Champú, 500 ml",18.0,,3.6,4.5,458.0,
467,COIFFEUR DELUXE champú de volumen sin silicona | 10% más de volumen | Para cabello fino | 250 ml | Orgánico | Producto de peluquería,24.9,,9.96,3.4,25.0,7 de abril
468,"L'Oréal Paris Elvive Color Vive Rapid Reviver, Mascarilla Instantánea para Pelo Teñido, 180 ml",2.9,,1.61,4.7,53.0,6 de abril
469,"Acondicionador Sin Aclarado Bifásico para el Cabello - 500ml - Desenreda, Suaviza, Repara el pelo - Protector Térmico - Fija el color, Define el rizo - Uso Profesional - Zelos",,,,,,
470,Kin Cosmetics Kinactif Tratamiento Cabellos Rizados 900ml,28.45,,,4.6,5.0,
471,American Crew Daily Duo Gel De Fijación Fuerte Y Champú Hidratante Diario,20.28,,,1.0,1.0,7 de abril
472,American Crew Limpieza Cabellos y Piel 3en1 450 ml,13.02,,2.89,4.6,340.0,6 de abril
473,Palmer's Coconut Oil Formula Moisture-Gro Conditioning Hairdress 150g,6.42,,,4.3,15.0,
474,Salerm Cosmetics Root Lifter Volumen Spray - 250 ml,,,,4.3,32.0,
475,2 x Productos Naturales De Avon magnificent mango loco pelo tamer/desenredador,13.99,,3.5,4.4,360.0,
476,American Crew Trichology Champú Y Recuperador Capilar - 250 ml.,,,,4.3,502.0,
477,GARNIER Fructis Hair Food Champú Nutritivo de Banana para Pelo Seco - 350 ml,3.9,4.95,1.11,4.3,293.0,6 de abril
478,Babaria Champú Niños Manzanilla 600 ml,2.3,,0.38,4.4,74.0,6 de abril
479,"Schwarzkopf Schauma Niños champú y bálsamo muchacha, 250 ml",2.88,,1.15,4.5,134.0,6 de abril
480,Kin Cosmetics Kinactif Tratamiento Cabellos Rizados 900ml,28.45,,,4.6,5.0,
481,American Crew Daily Duo Gel De Fijación Fuerte Y Champú Hidratante Diario,20.28,,,1.0,1.0,7 de abril
482,American Crew Limpieza Cabellos y Piel 3en1 450 ml,13.02,,2.89,4.6,340.0,6 de abril
483,Palmer's Coconut Oil Formula Moisture-Gro Conditioning Hairdress 150g,6.42,,,4.3,15.0,
484,Salerm Cosmetics Root Lifter Volumen Spray - 250 ml,,,,4.3,32.0,
485,2 x Productos Naturales De Avon magnificent mango loco pelo tamer/desenredador,13.99,,3.5,4.4,360.0,
486,American Crew Trichology Champú Y Recuperador Capilar - 250 ml.,,,,4.3,502.0,
487,GARNIER Fructis Hair Food Champú Nutritivo de Banana para Pelo Seco - 350 ml,3.9,4.95,1.11,4.3,293.0,6 de abril
488,Babaria Champú Niños Manzanilla 600 ml,2.3,,0.38,4.4,74.0,6 de abril
489,"Schwarzkopf Schauma Niños champú y bálsamo muchacha, 250 ml",2.88,,1.15,4.5,134.0,6 de abril
490,Champu Azul Matizador para Cabellos Rubios 250ml x2 Anti Reflejos Amarillo Corrige y Protege el Color del Cabello Rubios Hecho en Francia NO Probado en los Animales,19.9,,3.98,4.1,13.0,6 de abril
491,"Gerovital H3 Derma +, Tratamiento Anticaída, Cuidado del cabello anti-caída, 12 viales x 10 ml",37.9,,,3.5,15.0,
492,Spa Master Profesional Champú Hidratante con extracto de Rosa de Bulgaria para pelo rizado,13.95,,1.44,4.6,6.0,7 de abril
493,Wella Professionals - Sun - Acondicionador exprés - 200 ml,11.76,,5.88,4.6,55.0,
494,"Voltage Mascarilla para Cabellos Blancos y Grises, 500 ml",22.6,,,3.7,4.0,6 de abril
495,REVLON Uniq One All In One - Tratamiento para el cabello (6 unidades),78.0,,,4.9,15.0,
496,American Crew Champú Hidratante Diario - 250 ml.,9.99,10.95,,4.4,41.0,
497,Wella SP Luxe Oil Restore Mascarilla Reconstituyente - 150 ml,16.52,,11.01,4.5,1322.0,6 de abril
498,"Green People Acondicionador orgánico para niños, lavanda (200 ml)",14.27,,,4.6,10.0,
499,Frezyderm Sensitive niños champú para las niñas,14.95,,,4.0,3.0,6 de abril
500,L'Oreal Expert Mascarilla Fortificante - 500 ml,23.6,,4.72,4.6,1418.0,
501,"Wella Sp, Aceite para el cabello - 100 ml.",18.75,21.0,18.75,4.6,5049.0,9 de abril
502,Wella - Mascarilla Reparadora Intensa Fusion 500,20.49,,4.1,4.5,2257.0,6 de abril
503,Revlon champu 200ml + serum color 75ml,22.99,,,4.7,3.0,
504,"Válquer Profesional Champú Zero Silver Platinum. Sin sulfatos, sal ni siliconas. Cabellos blancos, grises y rubios",13.15,,3.29,4.3,261.0,6 de abril
505,6 cremas Sunsilk rizadas definidas para cabello rizado y rizado Co-Creations,25.99,,2.17,4.4,23.0,6 de abril
506,American Crew Daily Conditioner Acondicionador Diario - 450 ml.,12.7,,2.82,4.5,680.0,
507,"Main Thing - Aceite de brillo para el cabello con polvo de diamante negro, 200 ml",16.71,,,4.0,242.0,8 de abril
508,American Crew Limpieza Cabellos y Piel Tea Tree 3en1 450 ml,10.38,17.75,2.31,4.6,593.0,
509,"Eseuve Profesional Champú Cabellos Blancos White, Claro, 330 Mililitros",8.95,,2.71,4.0,7.0,6 de abril
510,"L'Oréal Paris Elvive Aceite Extraordinario, Tratamiento Sublimador de Uso Universal, Para Todo Tipo de Pelo, 100 ml",5.99,8.5,5.99,4.6,737.0,
511,Gliss - Spray Acondicionador Express Ultimate Repair - Para cabello muy dañado - 200 ml - Schwarzkopf : Pack de 3 = 600ml,,,,4.5,74.0,
512,"LIGHT IRRIDIANCE MASCARILLA NUTRITIVA 300ML MASKOLOR, Cobre-Copper",7.9,,,4.6,7.0,
513,Schwarzkopf Goodbye Yellow Shampoo 1000ml,25.8,,2.58,4.7,1802.0,6 de abril
514,"Schwarzkopf Professional Blondme Tone Enhancing Spray Acondicionador - 150 ml, Transparente (914-69892)",,,,4.3,804.0,
515,Milkshake Incredible Milk 150ml 150ml,21.87,,14.58,4.7,3705.0,6 de abril
516,abril et nature Nature-Plex SunScreen Protector Solar Pelo Nº2 200 ml,19.72,,9.86,4.5,10.0,6 de abril
517,"Sunsilk: crema «Ricci da domare», para cabello rizado, 200 ml",8.71,,4.36,4.1,146.0,6 de abril
518,Uniq ONE Coco All in One Hair Treatment 150 Ml (2 Pack),15.42,,,4.7,486.0,
519,Tratamiento supremo de queratina brasileña - Sin formaldehído. KIT personal perfecto,,,,3.8,16.0,
520,American Crew Classic Champú Anticaspa - 250 ml.,,,,5.0,6.0,
521,"Champú Purpura,Purple Shampoo,No Yellow Shampoo, Brassy, humectante capilar con tratamiento de color plateado, cabello decolorado y resaltado, tónico para el cabello decolorado-100ML",15.99,,15.99,3.8,867.0,7 de abril
522,Novex MY CURLS Mis Rizos - Memorizador de rizos 300ml,8.3,8.69,2.77,4.1,247.0,6 de abril
523,American Crew Acondicionador Hidratante Diario 250ml - 250 ml,13.9,,,,,
524,American Crew Champú Hidratante Profundo Diario 1000ml - 1000 ml,26.5,,,,,
525,American Crew Acondicionador Hidratante Diario 1000ml - 1000 ml,26.5,,,,,
526,American Crew Groominng Travel Kit - 840 gr,19.0,,,,,
527,Crema de peinado con Ácido Hialurónico y filtro solar Maggiore,7.99,,,3.3,3.0,6 de abril
528,American Crew Classic Champú Anticaspa - 250 ml.,,,,5.0,6.0,
529,Crema de peinado con Ácido Hialurónico y filtro solar Maggiore,7.99,,,3.3,3.0,6 de abril
530,Color Up Echos - Mascarilla regenerante chocolate,17.56,,7.02,4.3,342.0,
531,NATUR VITAL champú sensitive cabellos grasos bote 300 ml,3.99,4.73,1.33,4.1,268.0,6 de abril
532,L'Oreal Paris Stylista Curls Cream Rizos - 200 ml,4.65,4.95,2.33,4.2,77.0,6 de abril
533,NATUR VITAL mascarilla capilar color cabellos castaños bote 300 ml,5.55,6.33,1.85,4.2,131.0,6 de abril
534,American Crew Champú Hidratante Profundo Diario 250ml - 250 ml,9.95,,,,,
535,Wella Professionals Crema Alisadora Mild Straighten It 200 ML,18.88,,9.44,4.8,17.0,
536,"Schwarzkopf, Mascarilla para el pelo - 200 ml.",7.41,,3.71,4.4,922.0,6 de abril
537,Mascarilla Capilar de Argán de 250ml - con Aceite Natural de Argán y Coco para Todo Tipo de Cabello - Fórmula Reparadora - Cuidado del Cabello - 100% Natural Oils Argan & Coconut,14.99,,6.0,4.0,189.0,6 de abril
538,Schwarzkopf Professional BC Oil Miracle Barbary Fig Oil Treatment Tratamiento Capilar - 100 ml,,,,4.5,1351.0,
539,"Champú para cabello plateado del Dr. Severin® Para cabello plateado, gris y blanco, evita manchas amarillas",15.99,,6.4,3.8,329.0,
540,"- Mascarilla de queratina para el cabello Dr. Santé, con colágeno y arganina para una regeneración profunda, 300 ml, 0 % parabenos y aceites minerales",4.95,11.25,1.65,4.3,133.0,
541,Redken All Soft Shampoo and Conditioner 33.8 Oz Duo,84.77,,4.24,4.7,443.0,6 de abril
542,American Crew Champú Diario (Todo Tipo De Cabellos) - 1 l.,,,,4.0,3.0,
543,Inoar Dúo Speed Blond Champú y Acondicionador para Cabellos Rubios y Canosos - 1 Pack,,,,4.5,322.0,
544,"L'Oreal Paris Elvive Color Vive - Mascarilla Violeta Matizadora para Pelo Teñido, Rubio, Decolorado o Gris - Pack Ahorro de 3 Unidades x 150 ml, Total: 450 ml",19.9,,,4.4,8.0,
545,"Schwarzkopf, 914-83085, Igora Royal Color & Care Developer 6% 20 Vol 1000 ml",,,,4.7,2014.0,
546,"Válquer Profesional Champú Infantil Extra Suave, Champú Zero %, Sin Sulfatos, Sin Sal, Sin Siliconas, Sin Parabenos, Champú Niños, For Kids, Vegano, Sweet, 400 Mililitros",11.9,14.25,2.98,4.7,39.0,6 de abril
547,Invigo Nutri-enrich Mask 500 ml,16.3,,3.26,4.4,709.0,6 de abril
548,American Crew Classic Champú Hidratante Diario 1000 ml,17.11,18.53,,4.3,1148.0,6 de abril
549,"Acondicionador de Aceite de Argán de alto nivel, avalado para peluquerías, altamente nutritivo, para una mayor suavidad y brillo, Argán Deluxe, 1000ml",34.8,,3.48,4.4,1586.0,
550,"Espray desenredante natural para cuidado del cabello, con aroma de albaricoque y karit&eacute; (3 unidades de 150 ml)",,,,4.5,309.0,
551,"ghd rehab - tratamiento avanzado para nutrir y fortalecer puntas abiertas, dejando un cabello liso, suave y brillante, 100ml",24.71,,24.71,4.5,1474.0,6 de abril
552,"Shea Moisture - Champú modelador para rizos con coco e hibisco, 379 ml",15.81,,4.17,4.3,1028.0,6 de abril
553,"Acondicionador y desenredador orgánico para bebé de Nature's Bebé, percha de vainilla, 473 ml, bebés, niños y adultos. Natural, hidratante, suave, rico, hipoalergénico, sin productos químicos sintéticos, parabenos, SLS, pegamentos.",22.72,,,4.0,1.0,
554,"Bed Head by Tigi – Urban Antidotes Resurrection, champú y acondicionador para pelo dañado, 2 x 750 ml",23.23,,1.55,4.6,8025.0,6 de abril
555,Schwarzkopf Professional Essensity Color & Moisture Spray Acondicionador - 200 ml,15.21,,,3.0,9.0,
556,Schwarzkopf Blondme Premium Care Developer 2% 7 Vol 1000 Ml - 1000 ml,9.41,,0.94,4.7,109.0,6 de abril
557,"Wella INVIGO Balance Aqua Pure Shampoo Unisex No profesional Champú 1000 ml - Champues (Unisex, No profesional, Champú, 1000 ml, 1 pieza(s)) (8005610642529)",15.25,,1.53,4.5,463.0,6 de abril
558,Salerm Cosmetics 21 Express Silk Protein Spray Tratamiento Capilar - 150 ml,,,,4.6,260.0,
559,Yunsey - Bifásico aromático frutal - 500 ml,14.0,,2.8,4.9,32.0,
560,Tahe - Champú Volume Cabellos Grasos Volume (Volume 1-1000 ml),18.8,,1.88,3.9,181.0,6 de abril
561,Dikson Glam 16 Champú Anti Encrespamiento - 1000 ml,15.31,,1.53,2.1,3.0,
562,"Tratamiento profesional para el cabello, kit de tratamiento para uso doméstico, calidad de salón, alisado de pelo, secar al aire libre, 2 piezas…",13.99,,,3.4,743.0,6 de abril
563,Mulato mul042 Champú repigmentant rojo 500 ml Mulato,29.6,,5.92,4.5,219.0,6 de abril
564,OLIVE OIL CREME RELAXER NORMAL STRENGTH 531GR,11.9,,,4.3,40.0,
565,"Tahe Organic Care 3 Protect Crema Capilar Protectora con Protección Solar y UV | Crema de pelo Aceite de Coco - Oliva - Argán, 300 ml",14.9,15.8,4.97,5.0,6.0,7 de abril
566,Garnier Fructis Style Espuma Hidra Rizos Marcados - 200 ml,2.3,3.25,1.15,4.3,228.0,6 de abril
567,"Sofn' Free 20785- Cuidado del pelo y del cuero cabelludo, 350 ml",7.42,,,4.5,2.0,6 de abril
568,L'Oréal Paris Botanicals Champú Fortificante para Cabellos Frágiles con Jengibre y Cilantro - 400 ml,5.9,7.95,,4.3,170.0,6 de abril
569,"American Crew Classic 3 en 1 Champú, Acondicionador Y Gel De Baño - 450 ml.",12.18,,,4.5,171.0,
570,Schwarzkopf Professional - spray Acondicionador Bálsamo Hidratante Normal a Seca 200ml Cabello,12.53,,6.27,4.6,378.0,
571,Acondicionador para Cabello de Coco 480 ml - con Aceite de Coco 100% Natural - para Todo Tipo de Cabello - Pelo Hidratado - Suave y Brillante - Sin Sulfato & Sin Parabenos - Ingredientes Naturales,14.99,,3.12,4.0,244.0,6 de abril
572,Valquer Profesional Champú Especial Incoloro para peluquería. Champú para profesional. Champú garrafa-5000ML,17.75,,1.78,4.2,123.0,6 de abril
573,"OGX Acondicionador sin Sulfatos Hidratante para Pelos Secos, Leche de Coco, 385 ml",5.87,7.9,1.52,4.2,714.0,6 de abril
574,Champú Para Niños Neutro - Con Acondicionador 2 en 1-500 ml - Aroma a Piruleta - Muy Suave Para Uso Diario - Sin Parabenos - Con Filtro Solar - Producto Profesional - Zelos Kids,,,,5.0,1.0,
575,Spa Master Profesional Champú Reparador con Aceite de Argán 970 ml,13.95,,1.44,4.3,4.0,6 de abril
576,NYK1 Champu Sin Sulfatos Y Acondicionador - Champu Sin Sulfatos Ni Parabenos ni Siliconas (500ml x2) Post Keratina Alisado Brasileño Tratamiento Keratina Y Un Cabello De Colores Champu Sin Sal,39.95,,,4.3,3322.0,7 de abril
577,"Spray aceite de coco para el cabello. Protector solar para el cabello. Set de playa para el cuidado del cabello: 100 ml de aceite de coco, cepillo neumático, cepillo desenredante, peine.",16.9,,,3.9,51.0,6 de abril
578,OPTIMUM CARE - Hair Relaxer Kit Regular Strength - 1 Application,,,,3.5,2.0,
579,"Naturaleza Y Vida Champú Bio Anticaspa - 300 ml, Verde (8414002070411)",4.95,,1.65,4.3,47.0,6 de abril
580,Frcolor Crema Tinte de Pelo Cera de Pelo Profesional para Hombres Mujeres (Púrpura),12.39,,,3.6,15.0,6 de abril
581,Pack Control Caída Placenta 10 Ampollas + Champú 250 ml. Nirvel,12.38,,,4.1,74.0,6 de abril
582,"American Crew Daily Duo 3 en 1 Champú, Acondicionador Y Gel De Ducha Y Pomade",24.9,,,,,
583,Hairbell Champú+Acondicionador+Máscara+Booster Serum,69.0,,,3.3,13.0,7 de abril
584,L'Oreal Paris Elvive Total Repair 5 Champú Reparador para El Pelo Dañado - 285 ml,2.8,2.95,0.98,4.5,76.0,6 de abril
585,L'Oréal Expert Professionnel Absolut Repair Lipidium Baume Reconstructeur 500 ml,26.51,,5.3,4.4,2682.0,
586,"Hair Loss Shampoo, Champú Anticaida, Anti Pérdida De Cabello, esencia de hierbas naturales, promueve más cabello ticker, para suero de crecimiento rápido del cabello para hombres y mujeres",16.99,,7.72,3.8,801.0,6 de abril
587,GANADOR 2020* Champú 2 BIO Reduce la perdida de cabello |Avanzada| mantiene la densidad del cabello fino - Serum crecimiento del cabello - Fortalece los Folículos - Champú anticaída Hombre&Mujer,14.99,,6.0,4.0,1014.0,6 de abril
588,"Main Thing - Mascarilla perfeccionadora para cabellos secos y dañados, 500 ml",13.63,,2.73,4.1,372.0,6 de abril
589,Salerm Cosmetics Champú White Blancos - 500 ml (7741),11.5,,2.3,4.4,38.0,7 de abril
590,Revlon Uniq One tratamiento 12 unidades,101.0,,,4.7,45.0,
591,"2 x Revlon Flex Body Building Shampoo Normal To Dry, 592ml - Expedited International Delivery by - USPS / FedEX "" by Revlon",43.96,,3.71,4.0,17.0,
592,Schwarzkopf BC Bonacure Repair Rescue Acondicionador en Spray - 200 ml,11.0,,5.5,4.3,106.0,
593,"Tigi 57427 - Champú, 750 ml",10.85,,1.45,4.6,838.0,6 de abril
594,American Crew Champú Diario Hidratante 250 ml,10.95,,4.38,4.4,575.0,6 de abril
595,"Schwarzkopf Strait Styling Therapy Post Treatment Balm - Cuidado capilar, 500 ml",23.4,,4.68,4.3,39.0,6 de abril
596,Bed Head by TIGI Champú y Acondicionador Rehabilitación 750 ml (Pack de 2),22.99,,,4.2,115.0,
597,Redken Color Extend Magnetics Sulfate-Free Shampoo (For Color-Treated Hair) 1000ml,65.37,,6.54,4.8,2418.0,
598,"Pantene Pro-V Superalimento Fuerza&Cuerpo, Mascarilla Capilar de Queratina para Pelo Dañado y Frágil, 300 ml",,,,4.6,430.0,
599,"Valquer Profesional Mascarilla Capilar Reparadora Intensiva de Oliva. Reestructurante. Cabellos secos y dañados. Sin sulfatos, sin sal. Vegano. Reparación cabello",22.64,,2.26,4.6,113.0,
600,"Schwarzkopf Strait Styling Glatt Nº1 Lote - Cuidado capilar, Crema 1x82 ml + Balsamo 2x40 ml",15.59,,,3.8,175.0,6 de abril
601,Moroccanoil Acondicionador Hidratante,19.9,,7.96,4.6,5931.0,6 de abril
602,"Fanola No Orange Champú Antirreflectante, 350 ml",9.99,,2.85,4.0,10500.0,
603,Schwarzkopf Professional - spray Acondicionador Bálsamo Hidratante Normal a Seca 200ml Cabello,12.53,,6.27,4.6,378.0,
604,"OGX Champú Reparador sin Sulfatos ni Parabenos para Cabello Dañado, Coconut Miracle Oil, 385 ml",8.9,,,4.5,1599.0,6 de abril
605,Aunt Jackies Rizos y bobinas Trio BUNDLE | Acondicionador hidratante intensivo de suavizado de 355 ml | Curl La la Defining Custard 426 g | Leche semisedante 355 ml.,29.99,,,4.1,153.0,
606,Inoar plastica capilar Marroquina (sin Formol) 3 x 1000 ml,,,,5.0,1.0,
607,Schwarzkopf Professional Strait Styling Glatt N°0 Lote Set - 2 Piezas,14.32,,,4.3,485.0,
608,Uniq One Coconut Trattamento Di Riparazione Per Capelli Secchi e Danneggiati 150 ml (3 piezas),33.9,,,,,
609,"Redken - Champú All Soft Suavizante para Cabellos Secos y Frágiles, 300 ml",10.9,19.95,3.63,4.6,2031.0,6 de abril
610,"Schwarzkopf, Acondicionador de pelo - 1 unidad",10.0,,5.0,4.6,1142.0,6 de abril
611,Schwarzkopf Supersoft Kids Boys Shampoo and Shower Gel 250 ml Pack of 5,13.25,,1.06,4.7,75.0,6 de abril
612,Tahe Fitoxil Forte Champú Anticaída Frena la Caída y Estimula el Crecimiento del Cabello con Células Madre Vegetales Activas Biotina y Arginina 1000 ml,16.7,,1.67,4.3,89.0,
613,L'Oreal Kids Spray Desenredante - 150 ml,6.93,,4.62,4.1,225.0,
614,Babaria Solar Playa & Piscina Acondicionador Capilar - 200 ml,,,,4.1,12.0,
615,Champú Redken All Soft,46.95,,,4.8,5254.0,6 de abril
616,"RITUALS The Ritual of Sakura Champú Nutritivo, 250ml",9.5,,3.8,4.6,763.0,7 de abril
617,"Schwarzkopf Professional, Cuidado del pelo y del cuero cabelludo - 1 unidad",11.85,,1.19,4.6,635.0,
618,Redken Extreme Champú Fortificante para Cabello Debilitado - 1000 ml,42.09,,,4.7,4581.0,
619,O'Herbal Champú Cabello/Pelo Graso Natural Ecológico Sin Sulfatos Ni Siliconas Con Extracto De Menta O`'Herbal 500Ml 500 ml,13.59,,2.72,3.6,25.0,6 de abril
620,Válquer Placenta Loción Capilar - 1 Pack,16.68,,9.27,3.8,78.0,6 de abril
621,FANOLA Mascarilla KERATERM Keratina 1000mL 1L - Disciplinadora anticrespo - Cabellos desrizados tratados químicamente,9.99,,1.0,4.5,559.0,6 de abril
622,"Dikson Nuance - Mascarilla para el pelo, reparadora de color, 250 ml ROSSI",,,,5.0,2.0,
623,"Veana Claude Bell Pelo Champú, Acondicionador, Máscara, 1er Pack (1 X 3 Piezas)",40.8,,,3.4,32.0,6 de abril
624,"Orofluido, Pulverización Brillante, 50 ml",19.2,,,3.6,6.0,
625,"WELLA Elements Renewing - Acondicionador, 1000 ml",26.3,36.5,2.63,4.6,505.0,6 de abril
626,"Tahe Natural Colour Crema Oxigenada Acondicionadora 60 ml, 20 Vol. 60 ml",3.0,,5.0,4.1,5.0,
627,"PACK SOLAR VIGORANCE SUNNY 2018 - Champú, mascarilla, acondicionador",24.5,,,4.0,1.0,
628,L'Oréal Professionnel L'Oreal seprie expert,8.95,,4.48,4.4,480.0,
629,"Touch Of Silver, Acondicionador de pelo - 150 ml.",5.8,,3.87,4.4,829.0,
630,Wella Reflejos De Aceite reboost máscara 500 ml,23.68,,4.74,4.7,1000.0,6 de abril
631,Soft & Beautiful Kit Regular de Desrizantes - 250 ml,14.4,,5.76,4.3,34.0,6 de abril
632,L'Oréal Professionnel Expert - Pure resource Citramine - Champú purificante para cabellos normales y grasos - 250 ml,,,,3.2,12.0,
633,"Tahe Micro Oil Protect Organic Care Aceite Capilar con Argán Protección Solar de Origen Vegetal en Spray, 125 ml",11.0,,8.8,3.7,6.0,6 de abril
634,American Crew Acondicionador Uso Diario 250 ml,11.78,,4.71,4.4,531.0,6 de abril
635,X-Pression Accesorios Color - 150 gr,13.43,,,,,
636,Natura Siberica Complejo de Aceites Reparador de Puntas - 50 ml,7.9,9.75,15.8,4.1,132.0,6 de abril
637,Vip`s prestige champú para pelo rojo,6.95,,2.78,2.6,18.0,6 de abril
638,ACOND ANIAN BIFASICO SP 400 ML NORMAL,6.8,,1.7,4.5,100.0,
639,"L'Oréal Professionnel, Suero de pelo - 50 ml.",11.07,14.3,22.14,4.6,226.0,
640,"Novex Mis Rizos, Suaves Crema de Peinar 500g",8.99,11.29,,4.4,79.0,6 de abril
641,AfroHair kit Champú y acondicionador - 300 ml (Afro Hair Estilo),19.99,,6.66,4.3,100.0,
642,Máscara para Pelo con Aceite de Coco Natural Sin Sulfatos & Sin Parabenos (250ml) - Mascarilla para Crecimiento y Volumen del Cabello - Coconut Mask for Hair Care,14.99,,6.0,3.9,65.0,6 de abril
643,FRIZZ EASE champú liso perfecto con queratina tubo 250 ml,,,,4.1,27.0,
644,Urtekram Champú Caléndula para Niños - 250 ml,6.95,,2.78,4.4,80.0,6 de abril
645,"Natura Siberica Mascarilla para Cabello Severamente Dañado, Reparación Profunda - 300 ml (M00007891)",,,,4.1,530.0,
646,Fanola Champú REBALANCE Antigrasa 1000mL 1L - Elimina grasa cabello - Purifica - PROFESIONAL,9.99,,1.0,4.1,216.0,
647,Champu para Pelos Grasos Cuidado Intensivo 250ml. Champù Natural con Arcilla Verde Ortiga Blanca Menta Piperita Muy Purificador NO Probado en Animales,14.9,,5.96,3.7,59.0,6 de abril
648,"Light Irridiance, Mascarilla de pelo con keratina - 1000 ml.",7.71,,,4.2,140.0,
649,Kerzo Champú Anticaída para Mujeres - 400 ml,3.99,,1.0,4.2,98.0,6 de abril
650,FORBALD – Champú anticaída cabello con vitaminas. Doble acción: fuerza y volumen del pelo. Estimula el crecimiento del cabello – 250 ml,10.49,11.88,,3.9,88.0,
651,Amend Cabellos Rubios - Mascarilla Tratamiento del Color e Intensificador de Brillo - 350 gr,16.99,,4.85,4.2,28.0,
652,Sofn'Free Curl Spray hidratante 350 ml + Loción activadora suave 350 ml Set de 2,11.44,,1.63,4.1,35.0,
653,Schwarzkopf Gliss Líquido Seda sin Aclarado Hair Spray Acondicionador con Queratina 2 X 200Ml=400Ml,18.28,,,4.5,493.0,6 de abril
654,"Timely - Acondicionador protector del color para cabellos teñidos, 300 ml",9.31,,3.1,3.8,32.0,6 de abril
655,"Schwarzkopf [3D] Men - Cera para cabello, hombre, 100ml",9.9,,9.9,4.4,366.0,6 de abril
656,"Urtekram Acondicionador para Niños en spray sin aclarado BIO, Calendula, 250 ml",6.54,7.5,2.62,4.1,121.0,
657,"KATIVA Champú, Único, 500 Mililitros",16.99,,3.4,4.1,84.0,
658,"Relajante para cabellos Organic Root Stimulator, crema de alisado, con aceite de oliva, protección integrada, sin lejía, extrafuerte",7.19,7.5,,4.2,485.0,
659,L'OREAL Expert Silver Champú 300 Ml,10.5,14.47,3.5,4.6,256.0,
660,Orofluido Light Shimmering Elixer 55ml,18.0,,,3.0,1.0,
661,"Stratti Frutos Rojos - Champú Color Intenso con Keratina, sin Sal - 400 ml",10.26,,2.57,4.4,10.0,6 de abril
662,"Tahe Fitoxil Forte Plus Tratamiento Anticaída del Cabello para Cabellos Castigados con Proteínas de Soja, Aminoácidos, Biotina, Arginina y Células Madre Vegetales Activas, 6 x 10 ml",15.9,16.95,26.5,4.2,77.0,6 de abril
663,Champú Rizos con Colágeno 500 ml. By G. Bera,10.99,,2.2,4.0,92.0,6 de abril
664,Crioxidil Ampollas Capilares con Placenta Vegetal - 12 Ampollas,16.41,,9.12,3.9,68.0,6 de abril
665,Rene Furterer Rene Sol Huile 50Kpf 100Ml 100 ml,15.35,,15.35,3.8,19.0,6 de abril
666,Moroccanoil Champú 250ml Reparador Hidratante y Acondicionador 250ml,51.37,,,4.5,1322.0,6 de abril
667,Schwarzkopf BM CHAMPÚ TODOS RUBIOS 1000ML,,,,4.4,947.0,
668,Mulato MUL032 Champú Repigmentante Rojo 200 ml,14.9,,7.45,4.5,464.0,6 de abril
669,"Redken 37104 - Acondicionador, 1000 ml",45.5,,4.55,4.8,5469.0,6 de abril
670,WELLA Invigo Blonde Refill Cool Blonde Shampoo 1L,,,,4.6,887.0,
671,BM MASCARILLA FRÍOS (COOL BLONDES) 200ML,14.4,,7.2,4.4,1117.0,6 de abril
672,"Natura Siberica Mascarilla para Cabello Severamente Dañado, Reparación Profunda - 300 ml (M00007891)",,,,4.1,530.0,
673,Fanola Champú REBALANCE Antigrasa 1000mL 1L - Elimina grasa cabello - Purifica - PROFESIONAL,9.99,,1.0,4.1,216.0,
674,Champu para Pelos Grasos Cuidado Intensivo 250ml. Champù Natural con Arcilla Verde Ortiga Blanca Menta Piperita Muy Purificador NO Probado en Animales,14.9,,5.96,3.7,59.0,6 de abril
675,"Light Irridiance, Mascarilla de pelo con keratina - 1000 ml.",7.71,,,4.2,140.0,
676,Kerzo Champú Anticaída para Mujeres - 400 ml,3.99,,1.0,4.2,98.0,6 de abril
677,FORBALD – Champú anticaída cabello con vitaminas. Doble acción: fuerza y volumen del pelo. Estimula el crecimiento del cabello – 250 ml,10.49,11.88,,3.9,88.0,
678,Amend Cabellos Rubios - Mascarilla Tratamiento del Color e Intensificador de Brillo - 350 gr,16.99,,4.85,4.2,28.0,
679,Sofn'Free Curl Spray hidratante 350 ml + Loción activadora suave 350 ml Set de 2,11.44,,1.63,4.1,35.0,
680,"TRESemmé Pack con Champú y Acondicionador Liso Keratina - 2 Paquetes de 1.1 l, (4 unidades - 2.2 l in total)",,,,3.5,56.0,
681,Schwarzkopf Gliss Líquido Seda sin Aclarado Hair Spray Acondicionador con Queratina 2 X 200Ml=400Ml,18.28,,,4.5,493.0,6 de abril
682,"Timely - Acondicionador protector del color para cabellos teñidos, 300 ml",9.31,,3.1,3.8,32.0,6 de abril
683,"Schwarzkopf [3D] Men - Cera para cabello, hombre, 100ml",9.9,,9.9,4.4,366.0,6 de abril
684,"Urtekram Acondicionador para Niños en spray sin aclarado BIO, Calendula, 250 ml",6.54,7.5,2.62,4.1,121.0,
685,"KATIVA Champú, Único, 500 Mililitros",16.99,,3.4,4.1,84.0,
686,"Relajante para cabellos Organic Root Stimulator, crema de alisado, con aceite de oliva, protección integrada, sin lejía, extrafuerte",7.19,7.5,,4.2,485.0,
687,L'OREAL Expert Silver Champú 300 Ml,10.5,14.47,3.5,4.6,256.0,
688,Orofluido Light Shimmering Elixer 55ml,18.0,,,3.0,1.0,
689,"Stratti Frutos Rojos - Champú Color Intenso con Keratina, sin Sal - 400 ml",10.26,,2.57,4.4,10.0,6 de abril
690,"Tahe Fitoxil Forte Plus Tratamiento Anticaída del Cabello para Cabellos Castigados con Proteínas de Soja, Aminoácidos, Biotina, Arginina y Células Madre Vegetales Activas, 6 x 10 ml",15.9,16.95,26.5,4.2,77.0,6 de abril
691,"L'Oréal Professionnel Pro Fiber Reconstruct, Acondicionador - 200 ml",19.89,,9.95,4.4,99.0,6 de abril
692,Champú Rizos con Colágeno 500 ml. By G. Bera,10.99,,2.2,4.0,92.0,6 de abril
693,Crioxidil Ampollas Capilares con Placenta Vegetal - 12 Ampollas,16.41,,9.12,3.9,68.0,6 de abril
694,Rene Furterer Rene Sol Huile 50Kpf 100Ml 100 ml,15.35,,15.35,3.8,19.0,6 de abril
695,Moroccanoil Champú 250ml Reparador Hidratante y Acondicionador 250ml,51.37,,,4.5,1322.0,6 de abril
696,"Wella Invigo Color Brilliance, Mascarilla para el pelo - 500 ml.",17.95,,3.59,4.6,368.0,6 de abril
697,Barba wachstumsbeschleuniger Loción +champú +GEL - My Verde Barba Para Más Rápido bartwachstum,49.9,,,4.2,5.0,6 de abril
698,Redken all soft mega conditioner 250ml.,18.44,22.95,7.38,4.5,246.0,6 de abril
699,Schwarzkopf BM CHAMPÚ TODOS RUBIOS 1000ML,,,,4.4,947.0,
700,Mulato MUL032 Champú Repigmentante Rojo 200 ml,14.9,,7.45,4.5,464.0,6 de abril
701,"Redken 37104 - Acondicionador, 1000 ml",45.5,,4.55,4.8,5469.0,6 de abril
702,WELLA Invigo Blonde Refill Cool Blonde Shampoo 1L,,,,4.6,887.0,
703,BM MASCARILLA FRÍOS (COOL BLONDES) 200ML,14.4,,7.2,4.4,1117.0,6 de abril
704,WELLA Elements - Spray acondicionador sin enjuague,9.85,,6.57,4.5,84.0,6 de abril
705,Anian Bifásico sin Tirones Niños Acondicionador - 400 ml,6.8,,,4.4,18.0,
706,Gota Dourada Recarga de Queratina - Mascarilla - 1 kg,12.71,,,4.3,9.0,6 de abril
707,Aunt Jackie's Define and Moisturise - Kit hidratación y definición para cabellos rizados,25.99,,,4.3,145.0,
708,"Humectación de karité, aceite de ricino negro jamaicano, champú fortalecedor/crecimiento y restauración, 506 ml.",19.23,20.04,3.8,4.5,2528.0,6 de abril
709,L'Oréal Paris Colorista Effect - Balayage,19.99,,,4.2,209.0,
710,AfroHair Activador de Rizos 300ml (5812),7.69,,2.56,4.7,6.0,
711,"Pantene Pro-V Cuidado Clásico 3 en 1 Champú, Acondicionador y Tratamiento - 675 ml",6.9,,,4.6,185.0,6 de abril
712,VOLUME HIGH RISE CONDITIONER 1000ML,40.67,,4.07,4.7,606.0,6 de abril
713,Hairbell Champú + Acondicionador - Flores 'N' Frutas (2x 250ml) - Nueva Formula+Nuevo Fragancia - Hairjazz Hairplus,31.23,,6.25,3.5,114.0,7 de abril
714,L'Oréal Expert Professionnel Mythic Oil Mask 500 ml,,,,4.4,115.0,
715,"Naturalium Coco - Champú Suavizante con Acondicionador para Cabello Normal y Seco, Sin Parabenos, Sin Colorantes, formato 400 ml",1.99,,,3.9,62.0,
716,Zaffiro Organica Acondicionador Ecológico Sin Aclarado con Manteca de karité Coco y Aloe Vera • Mascarilla desenredante ✓ nutritivo ✓ hidratante ✓ revitalizante Sin Sulfato Parabenos Siliconas 200ml,18.9,,9.45,3.5,97.0,6 de abril
717,"Aumenta el Crecimiento del Cabello Set de Champú Argán y Acondicionador, Aceite de argán. Estimula Cabello, Ayuda a la pérdida de cabello, Crecimiento, Tratamiento para hombres y mujeres",,,,4.0,663.0,
718,"Válquer Profesional Ice Hair Mask. Máscara Capilar Reparación Total. Sin sal, sin parabenos y sin sulfatos. Cabellos dañados y secos- 300 ml",13.35,14.88,4.45,4.4,524.0,
719,"Válquer Acondicionador capilar bifásico Reparación Total (sin sulfatos, sin colorantes, sin sal, sin parabenos, sin MIT) para cabellos dañados - 300 ML",11.57,13.75,3.86,4.3,237.0,
720,Toque Magico Emergencia Mascarilla Para el Pelo con Keratina 453ml - Tratamiento Intensivo,115.03,,25.37,3.8,279.0,7 de abril
721,"L'Oreal Paris Botanicals Mascarilla Infusión de Nutrición, para cabellos secos - 200 ml",5.95,7.95,2.98,4.2,266.0,6 de abril
722,"Urterkam, Acondicionador de pelo - 250 ml.",6.95,,,4.1,419.0,6 de abril
723,Revita Champú - Tratamiento Natural Para La Caída Del Cabello - Recupera El Pelo y Estimula El Crecimiento Con Revita Champú Natural,22.5,,12.5,4.3,173.0,6 de abril
724,Moroccanoil Champú Suavizante,26.5,,10.6,4.5,1166.0,6 de abril
725,"L'Oréal Expert Professionnel, Champú - 500 ml.",14.8,,2.96,4.5,350.0,
726,Echosline Ki-Power Keratina Mascarilla - 1000 ml,12.95,,1.3,4.5,520.0,6 de abril
727,African Pride Karité Miracle hinchables Rizos Pudding 425 g,9.07,9.92,,3.9,610.0,6 de abril
728,"Schwarzkopf BC Repair Rescue, Acondicionador de pelo - 1000 ml.",15.67,,1.57,4.4,637.0,6 de abril
729,"Veana Claude Bell Hairbell Champú + Acondicionador pro, 2 Pack (2 X 1 L)",70.85,,3.54,4.1,38.0,6 de abril
730,Phytorelax Serum Capilar Argan Anti-Frizz 100 ml 100 ml,9.5,,9.5,4.2,122.0,6 de abril
731,"Redken - Acondicionador Color Extend Magnetics para el cuidado del cabello coloreado, 250 ml",12.66,22.95,5.06,4.6,1826.0,6 de abril
732,L'Oreal Professionnel Mythic Oil Aceite nutritivo 100ml,9.85,,9.85,4.6,2714.0,
733,"Natural ACONDICIONADOR ACLARANTE | RIZOS - VINAGRE DE SIDRA DE MANZANA, ALMENDRA, JOJOBA, LIMÒN & NEROLI - 250 ml - por POO FREE Sin sulfatos, sin parabenos, sin siliconas. Sin Suave, Concentrado.",17.99,,7.2,3.9,24.0,6 de abril
734,Veana Hairbell Champú+Acondicionador+Detangler (Rosa) - Crecimiento Del Cabello Acelerador,34.98,,,3.7,7.0,7 de abril
735,Cantu Crema Capilar para Cabello Rizado - 355 ml ( El empaque puede variar),,,,4.3,16170.0,
736,PRO:VOKE Touch of Silver Colour Care Shampoo 1000 ml,16.03,,1.6,4.4,334.0,6 de abril
737,"Garnier Original Remedies Ultimate Blends,Champú suave para niños con albaricoque, 250 ml, pack de 6",10.53,,0.7,4.8,40.0,
738,"L'Oreal Paris Botanicals Sérum Fortificante, Fuente de fuerza para cabellos frágiles - 125 ml",7.74,7.95,6.19,3.9,135.0,6 de abril
739,OLIVE OIL CREME RELAXER EXTRA STRENGTH 1.8KG,18.8,,1.04,4.6,65.0,
740,TRESemmé - Liso Keratina - Mascarilla para cabello rebelde - 300 ml,3.94,5.65,1.31,4.5,307.0,7 de abril
741,TCB Nº Base Crema Pelo Relajador Súper 425g,6.8,,,4.1,127.0,
742,"Wella, Cuidado del pelo y del cuero cabelludo - 1 unidad",,,,4.6,602.0,
743,Cantu Acondicionador Cuidado del Cabello - 177 ml,7.9,10.54,4.46,4.6,7675.0,
744,"Schwarzkopf, Cuidado del pelo y del cuero cabelludo - 1 unidad",,,,4.4,601.0,
745,"Aceite de oliva org&aacute;nico para ra&iacute;z de pelo de ORS, relajador de pelo normal, sin lej&iacute;a",7.19,,,4.4,1013.0,
746,"Apivita Suncare Aceite Capilar Protector Solar, 150ml",14.73,,,,,
747,BM CHAMPU RUBIOS FRIOS 250ML,9.25,,12.33,4.4,739.0,6 de abril
748,Cantu Acondicionador Cuidado del Cabello - 283 gr,9.39,,,4.5,4669.0,
749,SAPHIRA Leave In Mud (250 ml),30.0,,12.0,4.3,128.0,6 de abril
750,"Dr. Sante Mascarilla Capilar Profesional Hidratante Queratina (Keratina), Colágeno Y Arginina Cabello - Pelo Seco Y Quebradizo Natural Sin Parabenos Dr. Sante 1000Ml 1000 ml",17.19,,1.72,4.3,847.0,6 de abril
751,Crazy Color Champú Red 250 ml (18494),2.99,,1.2,3.9,726.0,6 de abril
752,"WELLA Invigo Nutri-Enrich, Acondicionador de pelo - 200 ml (8005610633923)",12.03,,6.02,4.5,260.0,6 de abril
753,"Novex Mis Rizos, Super Curly Crema de Peinar, 1 kg",13.29,19.99,,4.2,689.0,
754,"Dr. Schedu Berlin Champú de Argán y Jojoba 200 ml, para cabello seco y rizado, contiene Aceite de Argán, Aceite de Jojoba, Aloe Vera, Pantenol, sin Silicona, hecho en Alemania!",,,,4.0,296.0,
755,"BINGOSPA Tratamiento de queratina para cabello quebradizo, cabello dañado y puntas abiertas con espirulina y L-cisteina - 250 g",15.9,,,3.7,96.0,7 de abril
756,SYOSS - Champú Rizos Pro - Definición e Hidratación - 500ml,,,,4.4,766.0,
757,Schwarzkopf Blonde (Rubio) me Blush Wash Champú Fresa 250 ml,14.99,,6.0,4.3,134.0,
758,Urtekram Acondicionador Spray de Bayas Nórdicas - 250 ml,10.0,,4.0,4.1,202.0,
759,Garnier Ultra Suave Niños - Champú 2 en 1 - Extractos de albaricoque y flor de algodón - 400 ml,,,,4.7,64.0,
760,American Crew Daily Moisturizing Shampoo - 100 ml,7.53,,,,,
761,Wella Acondicionador Ele Light Renew - 200 ml,12.02,16.32,6.01,4.6,316.0,6 de abril
762,Cantu 856017000126 acondicionador,,,,4.3,327.0,
763,"Calypso sol mar protección de pelo con aceite de argán acondicionado, 100 ml",4.78,5.56,4.78,4.0,269.0,
764,"L'Oréal Expert Pro Fiber Restore - Acondicionador, 200 ml",18.5,19.9,9.25,4.5,73.0,7 de abril
765,"Mascarilla Capilar con Aceite de Coco y Proteinas de Queratina - Mascarilla Tratamiento Acondicionador Hidratante - Intensiva Cabello Seco y Dañado, Puntas Abiertas, Rizos y Cabello Teñido - 215ml",16.95,,7.53,3.9,1960.0,6 de abril
766,"Mascarilla Profesional ACIDO HIALURONICO, HIDROQUERATINA Y ACEITE DE OLIVA. VOLUMEN",20.99,,,3.9,82.0,6 de abril
767,"Wella - Aceite para el cuidado del cabello 'Oil Reflections', 1 unidad (100 ml)",13.59,,6.8,4.7,1769.0,
768,"Mascarilla de plata Argan Deluxe de alto nivel, avalado para peluquerías 250 ml - tratamiento capilar para neutralizar tonos amarillos y obtener un brillo extra sedoso.",16.8,,3.36,4.2,1219.0,6 de abril
769,"Wella - Aceite para el cuidado del cabello 'Oil Reflections', 1 unidad (100 ml)",13.59,,6.8,4.7,1769.0,
770,"L'OREAL EXPERT Champu Vitamino Color A-OX, 500 ml",18.45,,3.69,4.6,1318.0,7 de abril
771,Garnier Ultimate Blends - Mascarilla de tratamiento capilar,14.0,,,4.6,15497.0,
772,WELEDA Acondicionador Reparador con Avena (1x 200 ml),10.2,14.7,5.1,3.9,301.0,
773,"Redken, Mascarilla para el pelo - 150 ml.",17.0,29.0,11.33,4.5,1155.0,6 de abril
774,"Matrix Cream Developer 6% 20 Vol - Cuidado capilar, 1000 ml",11.74,15.0,1.17,4.7,335.0,6 de abril
775,FUSION intense repair conditioner 200 ml,,,,4.6,1112.0,
776,"Spray desenredante bifase de cabello con calidad de peluquería de Argan Deluxe, 120ml. fórmula de cuidado desenredante altamente",16.8,,14.0,4.1,1070.0,6 de abril
777,"Tahe Crema Oxidante/Crema Oxigenada Activadora del Color para Coloración Capilar 10 Volúmenes, 100 ml",1.9,3.0,1.9,4.2,76.0,
778,AfroHair Crema de Peinar - 500 gr.,10.51,,,4.2,74.0,
779,LUXEOIL SP ELIXIR 30ML,10.24,,34.13,4.6,985.0,6 de abril
780,"Wella Color Invigo Brilliance, Mascarilla para el pelo - 150 ml.",,,,4.6,183.0,
781,Veana Claude Bell Pelo Cabello Bell Champú y Acondicionador,34.98,,7.0,3.3,159.0,6 de abril
782,STRAIT STYLING GLATT Nº0 LOTE 2 pz,13.79,,,3.5,66.0,
783,Wella Brilliance Mask Fine/Normal Hair 500 ml,19.19,,3.84,4.5,728.0,6 de abril
784,"Redken 37098 - Acondicionador, 250 ml",15.36,,6.14,4.6,348.0,7 de abril
785,"Hairmax LaserBand 82: Banda Laser para Crecimiento de Cabello. Dispositivo laser para el tratamiento de pérdida de cabello localizado o total, para hombre y mujer",,,,4.0,110.0,
786,CANTU Acondicionador 260 g,9.19,9.55,3.88,4.6,3884.0,
787,Wella Professionals Reflections - Aceite ligero (100 ml),,,,4.7,722.0,
788,ORS Olive Oil KIT EXTRA STRENGTH 1 APPLICATION,7.49,11.47,,4.3,2032.0,
789,Schwarzkopf BM Champú Todos Rubios 250 ml,8.95,,3.58,4.4,650.0,6 de abril
790,"Kérastase Nutritive Bain Satin 1 - Champú , 250 ml",15.95,,6.38,4.6,1278.0,
791,John Frieda Sheer Blonde Hola Impacto Rubio reactivación de Deep Conditioner,9.47,9.77,,4.6,1064.0,6 de abril
792,Wella Fusion Repair Mask 150 Ml - 150 ml.,14.35,23.87,9.57,4.6,994.0,7 de abril
793,Morfose 2 fases Hair Conditioner COLLAGEN 400 ml Tratamiento de cuidado del cabello Spray Leave in Hair Acondicionador sin enjuague,11.9,,2.98,4.6,48.0,
794,"Profesional Cosmetics Champú de Reparación y Nutrición Intensiva, 200 ml, Pack de 6",37.31,,18.66,,,
795,Hawaiian Silky no Base Relaxer 590 ml – dulce Bonus 590 ml,36.7,,,,,
