18225,The Sinking City,1342.489026401477,70.1194933620252,2019-06-27,https://www.igdb.com/games/the-sinking-city,https://wikipedia.org/wiki/The_Sinking_City,https://thesinkingcity.com/,,https://www.instagram.com/frogwares,https://www.reddit.com/r/TheSinkingCity,https://www.facebook.com/TheSinkingCityGame,,,https://www.youtube.com/channel/UCciY3FqSxrfKQ2nMDUrlf4w,https://twitter.com/thesinkingcity
26845,Fire Emblem: Three Houses,921.8768165992417,93.3333333333333,2019-07-26,https://www.igdb.com/games/fire-emblem-three-houses,https://en.wikipedia.org/wiki/Fire_Emblem:_Three_Houses,https://www.nintendo.com/games/detail/fire-emblem-three-houses-switch,,,,,,,https://www.youtube.com/channel/UCGIY_O-8vW4rfX98KlMkvRg,https://twitter.com/fire_houses
1877,Cyberpunk 2077,752.8050809686525,,2020-04-16,https://www.igdb.com/games/cyberpunk-2077,https://en.wikipedia.org/wiki/Cyberpunk_2077,http://cyberpunk.net/,,,,https://www.facebook.com/CyberpunkGame,,,https://www.youtube.com/user/CyberPunkGame,https://twitter.com/CyberpunkGame
115276,Super Mario Maker 2,661.9960108819757,88.42235436243854,2019-06-28,https://www.igdb.com/games/super-mario-maker-2,https://en.wikipedia.org/wiki/Super_Mario_Maker_2,https://supermariomaker.nintendo.com/,,,,,,https://www.mariowiki.com/Super_Mario_Maker_2,,
26950,Marvel's Avengers,651.85515342978,,2020-05-15,https://www.igdb.com/games/marvels-avengers,https://en.wikipedia.org/wiki/Avengers_(2020_video_game),https://avengers.square-enix-games.com/,,https://www.instagram.com/PlayAvengers,,https://www.youtube.com/PlayAvengers,,,https://www.youtube.com/channel/UC0CelqHTkd3P7xgWEtB8ywQ,https://twitter.com/PlayAvengers
114455,Pacify,486.1270522476965,78.5696998218427,2019-02-22,https://www.igdb.com/games/pacify,,http://skhapps.com,,https://instagram.com/pacify_official,,https://www.facebook.com/ShawnHitchcockGames,https://www.twitch.tv/shawnhitchcockgames,,https://www.youtube.com/channel/UCtt5yQBGwUoh1qrvRy8ZlMg,https://twitter.com/Pacify_Official
119207,Aquapark.io,414.7292112248874,76.061293984109,2019-02-26,https://www.igdb.com/games/aquapark-dot-io,,,,,,,,,,
22422,Sexy Beach 3,410.0008773823172,85.0360798326893,2006-09-29,https://www.igdb.com/games/sexy-beach-3,,,,,,,,,,
38967,Cooking Simulator,391.5603753962937,80.6574019836311,2019-06-06,https://www.igdb.com/games/cooking-simulator,,,,,,,,,,https://twitter.com/cookingsim
22472,Artificial Academy 2,341.9128700493072,77.93115741858679,2014-06-13,https://www.igdb.com/games/artificial-academy-2,,http://www.illusion.jp/preview/jg/index.html,,,,,,,,
96217,Eternity: The Last Unicorn,335.293202669709,57.0,2019-03-05,https://www.igdb.com/games/eternity-the-last-unicorn,,http://voidstudios.com.br/,,,,https://www.facebook.com/voidstudio,,,,
19164,Borderlands 3,289.1752392766024,0.0,2019-09-13,https://www.igdb.com/games/borderlands-3,https://en.wikipedia.org/wiki/Borderlands_3,https://borderlands.com/en-US/,,https://www.instagram.com/borderlands,https://www.reddit.com/r/Borderlands,https://www.facebook.com/borderlandsgame,,https://borderlands.fandom.com/wiki/Borderlands_3,https://www.youtube.com/channel/UCHY2-UtRFv1WKf4o7cpEp3w,https://twitter.com/Borderlands
114286,Madden NFL 20,287.7734475518791,,2019-08-02,https://www.igdb.com/games/madden-nfl-20,https://en.wikipedia.org/wiki/Madden_NFL_20,https://www.ea.com/en-gb/games/madden-nfl/madden-nfl-20,,,,,,,,https://twitter.com/EAMaddenNFL
36198,Children of Morta,285.409280630594,,2019-12-31,https://www.igdb.com/games/children-of-morta,,http://www.childrenofmorta.com/,,,,https://www.facebook.com/ChildrenOfMorta,,https://childrenofmorta.gamepedia.com/Children_Of_Morta_Wiki,,https://twitter.com/ChildrenOfMorta
79134,Ancient Cities,279.0260299431243,,,https://www.igdb.com/games/ancient-cities,,https://www.ancient-cities.com/,,,,,,,https://www.youtube.com/channel/UCZJT9aoKkR0EII6FgCmC6Ig,https://twitter.com/_AncientCities
37419,Dude Simulator,276.8982797139678,84.33609958506221,2017-07-01,https://www.igdb.com/games/dude-simulator,,,https://the-kiddy.itch.io/dude-simulator,,,,,,,
16309,A Life in Silk - The First Cumming,262.2404448020003,81.11111111111111,2016-07-07,https://www.igdb.com/games/a-life-in-silk-the-first-cumming,,http://alis.super-ecchi.com,,,,,,,,
22387,Legrand Legacy,247.5826098900329,86.16895874263261,2018-01-24,https://www.igdb.com/games/legrand-legacy,,http://legrandlegacy.com/,,,,https://www.facebook.com/legrandlegacy,,,https://www.youtube.com/channel/UCyx2awEfqjofEDurH-WaAxw,https://twitter.com/LegrandLegacy
106987,Torchlight Frontiers,244.2727762002338,,2019-12-31,https://www.igdb.com/games/torchlight-frontiers,,https://www.torchlightfrontiers.com/en,,,,https://www.facebook.com/PlayTorchlight,https://www.twitch.tv/PlayTorchlight,,https://www.youtube.com/channel/UCzMr19W_FxS5EDjMQ8D3Rcw,https://twitter.com/PlayTorchlight
115653,Pok√©mon Shield,242.3814426632057,,2019-11-15,https://www.igdb.com/games/pokemon-shield,,https://swordshield.pokemon.com/en-us/,,,https://www.reddit.com/r/pokemon,,,,,https://twitter.com/Pokemon
26163,The Legend of Queen Opala,240.7265258183062,,,https://www.igdb.com/games/the-legend-of-queen-opala,,http://gabework.blogspot.ru/,,,,,,https://loqo.wikispaces.com/,,
55038,Immortal: Unchained,239.0716089734066,54.95238095238095,2018-09-07,https://www.igdb.com/games/immortal-unchained,,http://www.immortalthegame.com/,,,,https://www.facebook.com/immortalthegame,,,https://www.youtube.com/channel/UCPLhoEnt7Ot91XuKAq7_Oig,https://www.twitter.com/immortalthegame
55190,Pikuniku,233.1611916701939,85.9,2019-01-24,https://www.igdb.com/games/pikuniku,https://en.wikipedia.org/wiki/Pikuniku,https://pikuniku.net/,https://devolverdigital.itch.io/pikuniku,,,https://www.facebook.com/pikunikugame,,,,https://twitter.com/PikuNikuGame
68049,The Maiden Rape Assault: Violent Semen Inferno,226.5415242905958,,,https://www.igdb.com/games/the-maiden-rape-assault-violent-semen-inferno,,,,,,,,,,
25311,Star Control: Origins,224.4137740614392,72.1031093139989,2018-09-20,https://www.igdb.com/games/star-control-origins,https://en.wikipedia.org/wiki/Star_Control:_Origins,https://www.starcontrol.com,,,,,,,,
5867,Jade Empire,221.1039403716401,79.19022450779559,2005-04-12,https://www.igdb.com/games/jade-empire,,,,,,,,,,
80916,Omensight,218.266940066098,70.80357142857144,2018-05-15,https://www.igdb.com/games/omensight,,http://www.omensight.com,,,,https://www.facebook.com/OmensightGame,,,,https://twitter.com/OmensightGame
110737,The Watson-Scott Test,218.266940066098,80.0,2018-10-19,https://www.igdb.com/games/the-watson-scott-test,,http://normalwholesomegames.com/,,,,,,,,
18623,Villagers,217.0848566054555,41.817180475267,2016-03-25,https://www.igdb.com/games/villagers,,http://www.villagers-game.co.uk,,,,,,,,
55199,Dragon: Marked for Death,215.1935230684274,75.0,2019-01-31,https://www.igdb.com/games/dragon-marked-for-death,,http://dragonmfd.com/,,,,,,,,https://twitter.com/DragonMFD
116353,Real Football 2019,213.0657728392708,,2018-12-31,https://www.igdb.com/games/real-football-2019,,,,,,,,,,
28168,Code Vein,204.7911886147731,0.0,2019-09-27,https://www.igdb.com/games/code-vein,https://en.wikipedia.org/wiki/Code_Vein,https://www.bandainamcoent.com/games/code-vein,,,,,,,,https://twitter.com/CODE_VEIN
56033,Dream Alone,193.9160207768618,82.0,2018-06-28,https://www.igdb.com/games/dream-alone,,http://fatdoggames.com/game/dream-alone/,,,,https://www.facebook.com/DreamAloneGame,,,,
113895,Havocado,192.9703540083478,70.0,2019-04-25,https://www.igdb.com/games/havocado,,http://webble.net,,,,,,,,
22490,Suck My Dick or Die!,188.9512702421631,,2002-11-15,https://www.igdb.com/games/suck-my-dick-or-die,,,,,,,,,,
81680,Mr. Prepper,188.0056034736491,,2019-12-31,https://www.igdb.com/games/mr-prepper,,https://www.playway.com/component/content/article/10004-games/681-prepper1,,,,https://www.facebook.com/RejectedGames,,,https://www.youtube.com/channel/UC3rsruj4eA8rg6qZLCLmEaA,https://twitter.com/play_way
26145,Impact Winter,186.587103320878,66.8280839895013,2017-05-23,https://www.igdb.com/games/impact-winter,,http://www.impact-winter.com/,,,,,,,,https://twitter.com/Ishelpcoming
26574,Force of Nature,178.7853524806373,60.0,2016-12-13,https://www.igdb.com/games/force-of-nature,,https://www.fon-game.com,,,,,,,,
28465,Porno Studio Tycoon,175.0026854065812,49.8576768450409,2017-05-05,https://www.igdb.com/games/porno-studio-tycoon,,http://zitrix-megalomedia.com/,,,,,,,,
9789,RimWorld,169.8015181797541,82.03630936186904,2018-10-17,https://www.igdb.com/games/rimworld,https://en.wikipedia.org/wiki/RimWorld,https://ludeon.com,,,https://www.reddit.com/r/RimWorld,,https://www.twitch.tv/directory/game/RimWorld,https://rimworldwiki.com/wiki/Main_Page,,
10039,Superfighters Deluxe,169.328684795497,96.2430802317734,2018-11-30,https://www.igdb.com/games/superfighters-deluxe,,http://mythologicinteractive.com/Games/SuperfightersDeluxe.aspx,,,,,,,,
113344,Monster Hunter: World - Iceborne,168.383018026983,,2019-09-06,https://www.igdb.com/games/monster-hunter-world-iceborne,,https://www.monsterhunter.com/world-iceborne/us/,,,,,,https://monsterhunterworld.wiki.fextralife.com/Iceborne+Expansion,,https://twitter.com/monsterhunter
15830,Saya no Uta,165.5460177214409,93.75390639006021,2003-12-26,https://www.igdb.com/games/saya-no-uta,https://en.wikipedia.org/wiki/Saya_no_Uta,,,,https://www.reddit.com/r/SayaNoUta,,,,,
17130,Unclaimed World,164.3639342607984,50.0,2014-02-03,https://www.igdb.com/games/unclaimed-world,,http://unclaimedworld-game.com/,,,,,,,,
35994,Survivalist,163.8911008765414,80.0,2015-01-30,https://www.igdb.com/games/survivalist,,http://www.survivalistgame.blogspot.com,,,,,,https://survivalistgame.fandom.com/wiki/Survivalist_Game_Wiki,,
1942,The Witcher 3: Wild Hunt,162.444709132684,93.9656654987771,2015-05-19,https://www.igdb.com/games/the-witcher-3-wild-hunt,https://en.wikipedia.org/wiki/The_Witcher_3:_Wild_Hunt,http://www.thewitcher.com,,https://www.instagram.com/cdpred,https://www.reddit.com/r/witcher,https://www.facebook.com/CDPROJEKTRED,https://www.twitch.tv/cdprojektred,http://witcher.wikia.com/wiki/The_Witcher_3:_Wild_Hunt,https://www.youtube.com/user/WitcherGame,https://twitter.com/witchergame
25646,Don't Knock Twice,160.3448504946138,69.8852241150175,2017-08-28,https://www.igdb.com/games/dont-knock-twice,,http://www.walesinteractive.com/dontknocktwice,,,,,,,,
23345,Life is Feudal: Forest Village,160.3448504946138,75.3133880615644,2017-05-26,https://www.igdb.com/games/life-is-feudal-forest-village,,http://lifeisfeudal.com/fv,,,,https://www.facebook.com/forest.village,,http://forestvillage.gamepedia.com/Life_is_Feudal:_Forest_Village_Wiki,,https://twitter.com/f_v_game
36553,Medieval Kingdom Wars,159.3991837260997,80.0,2017-06-09,https://www.igdb.com/games/medieval-kingdom-wars,,http://reverieworld.com,,,,,,,,
22426,RapeLay,154.1980164992726,69.8133449006916,2006-04-21,https://www.igdb.com/games/rapelay,,,,,,,,,,
