year,week,date,track,artists,url,track_popularity,track_name,track_artists,track_album_name,track_href,track_album_release_date,owner_id
2011,4,22 de enero,The Time (Dirty Bit),['The Black Eyed Peas'],https://es.wikipedia.org/wiki/Anexo:Los_n%C3%BAmeros_uno_de_Los_40_Principales_(Espa%C3%B1a)_2011,2.0,The Time (Dirty Bit),['The Black Eyed Peas'],The Time (Dirty Bit),https://api.spotify.com/v1/tracks/34q1KaLX8h73xE06xPBmNB,2010-01-01,angelus_
2011,5,29 de enero,The Time (Dirty Bit),['The Black Eyed Peas'],https://es.wikipedia.org/wiki/Anexo:Los_n%C3%BAmeros_uno_de_Los_40_Principales_(Espa%C3%B1a)_2011,2.0,The Time (Dirty Bit),['The Black Eyed Peas'],The Time (Dirty Bit),https://api.spotify.com/v1/tracks/34q1KaLX8h73xE06xPBmNB,2010-01-01,angelus_
2011,15,9 de abril,Born This Way,['Lady Gaga'],https://es.wikipedia.org/wiki/Anexo:Los_n%C3%BAmeros_uno_de_Los_40_Principales_(Espa%C3%B1a)_2011,46.0,Born This Way,['Lady Gaga'],Born This Way (International Standard Version),https://api.spotify.com/v1/tracks/209NkbzmsUa9pAobU7xGyf,2011-01-01,angelus_
2011,15,9 de abril,Born This Way,['Lady Gaga'],https://es.wikipedia.org/wiki/Anexo:Los_n%C3%BAmeros_uno_de_Los_40_Principales_(Espa%C3%B1a)_2011,68.0,Born This Way,['Lady Gaga'],Born This Way (International Special Edition Version),https://api.spotify.com/v1/tracks/30XU4suKzCeoCK9YFzdufg,2011-01-01,dannig012
2011,15,9 de abril,Born This Way,['Lady Gaga'],https://es.wikipedia.org/wiki/Anexo:Los_n%C3%BAmeros_uno_de_Los_40_Principales_(Espa%C3%B1a)_2011,6.0,Born This Way,['Lady Gaga'],Born This Way,https://api.spotify.com/v1/tracks/6wAdqKcL7uESrsekjLTKod,2011-01-01,popersea
2011,16,16 de abril,Born This Way,['Lady Gaga'],https://es.wikipedia.org/wiki/Anexo:Los_n%C3%BAmeros_uno_de_Los_40_Principales_(Espa%C3%B1a)_2011,46.0,Born This Way,['Lady Gaga'],Born This Way (International Standard Version),https://api.spotify.com/v1/tracks/209NkbzmsUa9pAobU7xGyf,2011-01-01,angelus_
2011,16,16 de abril,Born This Way,['Lady Gaga'],https://es.wikipedia.org/wiki/Anexo:Los_n%C3%BAmeros_uno_de_Los_40_Principales_(Espa%C3%B1a)_2011,68.0,Born This Way,['Lady Gaga'],Born This Way (International Special Edition Version),https://api.spotify.com/v1/tracks/30XU4suKzCeoCK9YFzdufg,2011-01-01,dannig012
2011,16,16 de abril,Born This Way,['Lady Gaga'],https://es.wikipedia.org/wiki/Anexo:Los_n%C3%BAmeros_uno_de_Los_40_Principales_(Espa%C3%B1a)_2011,6.0,Born This Way,['Lady Gaga'],Born This Way,https://api.spotify.com/v1/tracks/6wAdqKcL7uESrsekjLTKod,2011-01-01,popersea
2011,26,25 de junio,Give Me Everything,"['Pitbull', 'Ne-Yo', 'Afrojack', 'Nayer']",https://es.wikipedia.org/wiki/Anexo:Los_n%C3%BAmeros_uno_de_Los_40_Principales_(Espa%C3%B1a)_2011,18.0,Give Me Everything,"['Pitbull', 'Ne-Yo', 'Afrojack', 'Nayer']",Give Me Everything,https://api.spotify.com/v1/tracks/4k0DIJNg6xTfEu80VTIW0g,2011-06-08,elsapato
2011,27,2 de julio,Give Me Everything,"['Pitbull', 'Ne-Yo', 'Afrojack', 'Nayer']",https://es.wikipedia.org/wiki/Anexo:Los_n%C3%BAmeros_uno_de_Los_40_Principales_(Espa%C3%B1a)_2011,18.0,Give Me Everything,"['Pitbull', 'Ne-Yo', 'Afrojack', 'Nayer']",Give Me Everything,https://api.spotify.com/v1/tracks/4k0DIJNg6xTfEu80VTIW0g,2011-06-08,elsapato
2011,28,9 de julio,Give Me Everything,"['Pitbull', 'Ne-Yo', 'Afrojack', 'Nayer']",https://es.wikipedia.org/wiki/Anexo:Los_n%C3%BAmeros_uno_de_Los_40_Principales_(Espa%C3%B1a)_2011,18.0,Give Me Everything,"['Pitbull', 'Ne-Yo', 'Afrojack', 'Nayer']",Give Me Everything,https://api.spotify.com/v1/tracks/4k0DIJNg6xTfEu80VTIW0g,2011-06-08,elsapato
2011,30,23 de julio,Give Me Everything,"['Pitbull', 'Ne-Yo', 'Afrojack', 'Nayer']",https://es.wikipedia.org/wiki/Anexo:Los_n%C3%BAmeros_uno_de_Los_40_Principales_(Espa%C3%B1a)_2011,18.0,Give Me Everything,"['Pitbull', 'Ne-Yo', 'Afrojack', 'Nayer']",Give Me Everything,https://api.spotify.com/v1/tracks/4k0DIJNg6xTfEu80VTIW0g,2011-06-08,elsapato
2011,33,13 de agosto,Give Me Everything,"['Pitbull', 'Ne-Yo', 'Afrojack', 'Nayer']",https://es.wikipedia.org/wiki/Anexo:Los_n%C3%BAmeros_uno_de_Los_40_Principales_(Espa%C3%B1a)_2011,18.0,Give Me Everything,"['Pitbull', 'Ne-Yo', 'Afrojack', 'Nayer']",Give Me Everything,https://api.spotify.com/v1/tracks/4k0DIJNg6xTfEu80VTIW0g,2011-06-08,elsapato
2011,34,20 de agosto,Give Me Everything,"['Pitbull', 'Ne-Yo', 'Afrojack', 'Nayer']",https://es.wikipedia.org/wiki/Anexo:Los_n%C3%BAmeros_uno_de_Los_40_Principales_(Espa%C3%B1a)_2011,18.0,Give Me Everything,"['Pitbull', 'Ne-Yo', 'Afrojack', 'Nayer']",Give Me Everything,https://api.spotify.com/v1/tracks/4k0DIJNg6xTfEu80VTIW0g,2011-06-08,elsapato
2011,35,27 de agosto,Till the World Ends,['Britney Spears'],https://es.wikipedia.org/wiki/Anexo:Los_n%C3%BAmeros_uno_de_Los_40_Principales_(Espa%C3%B1a)_2011,60.0,Till the World Ends,['Britney Spears'],Femme Fatale (Deluxe Version),https://api.spotify.com/v1/tracks/38iU2jg98IZZEIJPrP7aWD,2011-03-25,angelus_
2011,35,27 de agosto,Till the World Ends,['Britney Spears'],https://es.wikipedia.org/wiki/Anexo:Los_n%C3%BAmeros_uno_de_Los_40_Principales_(Espa%C3%B1a)_2011,18.0,Till the World Ends,['Britney Spears'],Till The World Ends,https://api.spotify.com/v1/tracks/0GSVSuB99ikBjWoOrPpgAA,2011-03-04,brunocossio
2011,44,29 de octubre,Rain Over Me,"['Pitbull', 'Marc Anthony']",https://es.wikipedia.org/wiki/Anexo:Los_n%C3%BAmeros_uno_de_Los_40_Principales_(Espa%C3%B1a)_2011,61.0,Rain Over Me,"['Pitbull', 'Marc Anthony']",Planet Pit (Deluxe Version),https://api.spotify.com/v1/tracks/2cZrrQMjB63c0iIugYH9zS,2011-06-17,popersea
2011,46,12 de noviembre,I Wanna Go,['Britney Spears'],https://es.wikipedia.org/wiki/Anexo:Los_n%C3%BAmeros_uno_de_Los_40_Principales_(Espa%C3%B1a)_2011,0.0,I Wanna Go,['Britney Spears'],I Wanna Go,https://api.spotify.com/v1/tracks/02HKZdNkNioIcOSMtYcpiF,2011-06-21,angelus_
2011,48,26 de noviembre,We Found Love,"['Rihanna', 'Calvin Harris']",https://es.wikipedia.org/wiki/Anexo:Los_n%C3%BAmeros_uno_de_Los_40_Principales_(Espa%C3%B1a)_2011,10.0,We Found Love,"['Rihanna', 'Calvin Harris']",We Found Love,https://api.spotify.com/v1/tracks/14fmbvjYLqRZEXz1VZdM2M,2011-09-22,popersea
2011,49,3 de diciembre,We Found Love,"['Rihanna', 'Calvin Harris']",https://es.wikipedia.org/wiki/Anexo:Los_n%C3%BAmeros_uno_de_Los_40_Principales_(Espa%C3%B1a)_2011,10.0,We Found Love,"['Rihanna', 'Calvin Harris']",We Found Love,https://api.spotify.com/v1/tracks/14fmbvjYLqRZEXz1VZdM2M,2011-09-22,popersea
2012,20,19 de mayo,Stronger (What Doesn't Kill You),['Kelly Clarkson'],https://es.wikipedia.org/wiki/Anexo:Los_n%C3%BAmeros_uno_de_Los_40_Principales_(Espa%C3%B1a)_2012,69.0,Stronger (What Doesn't Kill You),['Kelly Clarkson'],Stronger (Deluxe Version),https://api.spotify.com/v1/tracks/1nInOsHbtotAmEOQhtvnzP,2011-10-24,dannig012
2012,22,2 de junio,Boys Will Be Boys,['Paulina Rubio'],https://es.wikipedia.org/wiki/Anexo:Los_n%C3%BAmeros_uno_de_Los_40_Principales_(Espa%C3%B1a)_2012,0.0,Boys Will Be Boys,['Paulina Rubio'],Boys Will Be Boys,https://api.spotify.com/v1/tracks/11fGpV4GpQELQqSv96DBeA,2012-01-01,dannig012
2012,28,14 de julio,Call Me Maybe,['Carly Rae Jepsen'],https://es.wikipedia.org/wiki/Anexo:Los_n%C3%BAmeros_uno_de_Los_40_Principales_(Espa%C3%B1a)_2012,71.0,Call Me Maybe,['Carly Rae Jepsen'],Kiss,https://api.spotify.com/v1/tracks/20I6sIOMTCkB6w7ryavxtO,2012-01-01,nestorviolin
2012,28,14 de julio,Call Me Maybe,['Carly Rae Jepsen'],https://es.wikipedia.org/wiki/Anexo:Los_n%C3%BAmeros_uno_de_Los_40_Principales_(Espa%C3%B1a)_2012,11.0,Call Me Maybe,['Carly Rae Jepsen'],Call Me Maybe,https://api.spotify.com/v1/tracks/5unfeZUhKhICP73CDYBW4N,2012-01-01,elsapato
2012,34,25 de agosto,Call Me Maybe,['Carly Rae Jepsen'],https://es.wikipedia.org/wiki/Anexo:Los_n%C3%BAmeros_uno_de_Los_40_Principales_(Espa%C3%B1a)_2012,71.0,Call Me Maybe,['Carly Rae Jepsen'],Kiss,https://api.spotify.com/v1/tracks/20I6sIOMTCkB6w7ryavxtO,2012-01-01,nestorviolin
2012,34,25 de agosto,Call Me Maybe,['Carly Rae Jepsen'],https://es.wikipedia.org/wiki/Anexo:Los_n%C3%BAmeros_uno_de_Los_40_Principales_(Espa%C3%B1a)_2012,11.0,Call Me Maybe,['Carly Rae Jepsen'],Call Me Maybe,https://api.spotify.com/v1/tracks/5unfeZUhKhICP73CDYBW4N,2012-01-01,elsapato
2012,39,29 de septiembre,Call Me Maybe,['Carly Rae Jepsen'],https://es.wikipedia.org/wiki/Anexo:Los_n%C3%BAmeros_uno_de_Los_40_Principales_(Espa%C3%B1a)_2012,71.0,Call Me Maybe,['Carly Rae Jepsen'],Kiss,https://api.spotify.com/v1/tracks/20I6sIOMTCkB6w7ryavxtO,2012-01-01,nestorviolin
2012,39,29 de septiembre,Call Me Maybe,['Carly Rae Jepsen'],https://es.wikipedia.org/wiki/Anexo:Los_n%C3%BAmeros_uno_de_Los_40_Principales_(Espa%C3%B1a)_2012,11.0,Call Me Maybe,['Carly Rae Jepsen'],Call Me Maybe,https://api.spotify.com/v1/tracks/5unfeZUhKhICP73CDYBW4N,2012-01-01,elsapato
2012,30,28 de julio,Payphone,"['Maroon 5', 'Wiz Khalifa']",https://es.wikipedia.org/wiki/Anexo:Los_n%C3%BAmeros_uno_de_Los_40_Principales_(Espa%C3%B1a)_2012,73.0,Payphone,"['Maroon 5', 'Wiz Khalifa']",Overexposed Track By Track,https://api.spotify.com/v1/tracks/1XGmzt0PVuFgQYYnV2It7A,2012-01-01,elsapato
2012,30,28 de julio,Payphone,"['Maroon 5', 'Wiz Khalifa']",https://es.wikipedia.org/wiki/Anexo:Los_n%C3%BAmeros_uno_de_Los_40_Principales_(Espa%C3%B1a)_2012,51.0,Payphone,"['Maroon 5', 'Wiz Khalifa']",Overexposed (Deluxe),https://api.spotify.com/v1/tracks/4P0osvTXoSYZZC2n8IFH3c,2012-01-01,42416345k
2012,31,4 de agosto,Dance Again,"['Jennifer Lopez', 'Pitbull']",https://es.wikipedia.org/wiki/Anexo:Los_n%C3%BAmeros_uno_de_Los_40_Principales_(Espa%C3%B1a)_2012,61.0,Dance Again,"['Jennifer Lopez', 'Pitbull']",Dance Again...The Hits,https://api.spotify.com/v1/tracks/4d2hD63oUGU3s7L66JD0BE,2012-07-20,popersea
2012,36,8 de septiembre,Drive By,['Train'],https://es.wikipedia.org/wiki/Anexo:Los_n%C3%BAmeros_uno_de_Los_40_Principales_(Espa%C3%B1a)_2012,11.0,Drive By,['Train'],Drive By,https://api.spotify.com/v1/tracks/1wAXODAAL6hY64ZdhrnjBO,2012-01-10,elsapato
2012,46,17 de noviembre,Set Fire to the Rain,['Adele'],https://es.wikipedia.org/wiki/Anexo:Los_n%C3%BAmeros_uno_de_Los_40_Principales_(Espa%C3%B1a)_2012,71.0,Set Fire to the Rain,['Adele'],21,https://api.spotify.com/v1/tracks/3CKCZ9pfwAfoMZlMncA1Nc,2011-01-19,dannig012
2012,46,17 de noviembre,Set Fire to the Rain,['Adele'],https://es.wikipedia.org/wiki/Anexo:Los_n%C3%BAmeros_uno_de_Los_40_Principales_(Espa%C3%B1a)_2012,70.0,Set Fire to the Rain,['Adele'],21,https://api.spotify.com/v1/tracks/5PKWUDfQFtc5qqo8cs1gQp,2011-01-19,popersea
2012,48,1 de diciembre,Set Fire to the Rain,['Adele'],https://es.wikipedia.org/wiki/Anexo:Los_n%C3%BAmeros_uno_de_Los_40_Principales_(Espa%C3%B1a)_2012,71.0,Set Fire to the Rain,['Adele'],21,https://api.spotify.com/v1/tracks/3CKCZ9pfwAfoMZlMncA1Nc,2011-01-19,dannig012
2012,48,1 de diciembre,Set Fire to the Rain,['Adele'],https://es.wikipedia.org/wiki/Anexo:Los_n%C3%BAmeros_uno_de_Los_40_Principales_(Espa%C3%B1a)_2012,70.0,Set Fire to the Rain,['Adele'],21,https://api.spotify.com/v1/tracks/5PKWUDfQFtc5qqo8cs1gQp,2011-01-19,popersea
2012,49,8 de diciembre,Diamonds,['Rihanna'],https://es.wikipedia.org/wiki/Anexo:Los_n%C3%BAmeros_uno_de_Los_40_Principales_(Espa%C3%B1a)_2012,69.0,Diamonds,['Rihanna'],Unapologetic (Deluxe),https://api.spotify.com/v1/tracks/6O20JhBJPePEkBdrB5sqRx,2012-12-11,aechos
2012,49,8 de diciembre,Diamonds,['Rihanna'],https://es.wikipedia.org/wiki/Anexo:Los_n%C3%BAmeros_uno_de_Los_40_Principales_(Espa%C3%B1a)_2012,57.0,Diamonds,['Rihanna'],Unapologetic (Deluxe),https://api.spotify.com/v1/tracks/4JQSMg83F8qYwSBt5xOXsQ,2012-12-10,nestorviolin
2012,49,8 de diciembre,Diamonds,['Rihanna'],https://es.wikipedia.org/wiki/Anexo:Los_n%C3%BAmeros_uno_de_Los_40_Principales_(Espa%C3%B1a)_2012,3.0,Diamonds,['Rihanna'],Unapologetic (Deluxe),https://api.spotify.com/v1/tracks/1Xvg4kyNwLA3ae4nKsea41,2012-12-10,nestorviolin
2012,49,8 de diciembre,Diamonds,['Rihanna'],https://es.wikipedia.org/wiki/Anexo:Los_n%C3%BAmeros_uno_de_Los_40_Principales_(Espa%C3%B1a)_2012,10.0,Diamonds,['Rihanna'],Diamonds,https://api.spotify.com/v1/tracks/1mwt9hzaH7idmC5UCoOUkz,2012-09-27,elsapato
2012,50,15 de diciembre,Diamonds,['Rihanna'],https://es.wikipedia.org/wiki/Anexo:Los_n%C3%BAmeros_uno_de_Los_40_Principales_(Espa%C3%B1a)_2012,69.0,Diamonds,['Rihanna'],Unapologetic (Deluxe),https://api.spotify.com/v1/tracks/6O20JhBJPePEkBdrB5sqRx,2012-12-11,aechos
2012,50,15 de diciembre,Diamonds,['Rihanna'],https://es.wikipedia.org/wiki/Anexo:Los_n%C3%BAmeros_uno_de_Los_40_Principales_(Espa%C3%B1a)_2012,57.0,Diamonds,['Rihanna'],Unapologetic (Deluxe),https://api.spotify.com/v1/tracks/4JQSMg83F8qYwSBt5xOXsQ,2012-12-10,nestorviolin
2012,50,15 de diciembre,Diamonds,['Rihanna'],https://es.wikipedia.org/wiki/Anexo:Los_n%C3%BAmeros_uno_de_Los_40_Principales_(Espa%C3%B1a)_2012,3.0,Diamonds,['Rihanna'],Unapologetic (Deluxe),https://api.spotify.com/v1/tracks/1Xvg4kyNwLA3ae4nKsea41,2012-12-10,nestorviolin
2012,50,15 de diciembre,Diamonds,['Rihanna'],https://es.wikipedia.org/wiki/Anexo:Los_n%C3%BAmeros_uno_de_Los_40_Principales_(Espa%C3%B1a)_2012,10.0,Diamonds,['Rihanna'],Diamonds,https://api.spotify.com/v1/tracks/1mwt9hzaH7idmC5UCoOUkz,2012-09-27,elsapato
2012,51,22 de diciembre,This Is Love,"['will.i.am', 'Eva Simons']",https://es.wikipedia.org/wiki/Anexo:Los_n%C3%BAmeros_uno_de_Los_40_Principales_(Espa%C3%B1a)_2012,3.0,This Is Love,"['will.i.am', 'Eva Simons']",This Is Love,https://api.spotify.com/v1/tracks/6zX1edWck5DxIBWQMOUXO5,2012-01-01,amane88
2013,2,12 de enero,We Are Never Ever Getting Back Together,['Taylor Swift'],https://es.wikipedia.org/wiki/Anexo:Los_n%C3%BAmeros_uno_de_Los_40_Principales_(Espa%C3%B1a)_2013,2.0,We Are Never Ever Getting Back Together,['Taylor Swift'],We Are Never Ever Getting Back Together,https://api.spotify.com/v1/tracks/32Z4ioCoKKsKMFS9vhzkJJ,2012-01-01,popersea
2013,4,26 de enero,Die Young,['Kesha'],https://es.wikipedia.org/wiki/Anexo:Los_n%C3%BAmeros_uno_de_Los_40_Principales_(Espa%C3%B1a)_2013,18.0,Die Young,['Kesha'],Warrior (Deluxe Version),https://api.spotify.com/v1/tracks/6mnjcTmK8TewHfyOp3fC9C,2012-11-30,angelus_
2013,5,2 de febrero,Locked Out of Heaven,['Bruno Mars'],https://es.wikipedia.org/wiki/Anexo:Los_n%C3%BAmeros_uno_de_Los_40_Principales_(Espa%C3%B1a)_2013,43.0,Locked Out of Heaven,['Bruno Mars'],Unorthodox Jukebox,https://api.spotify.com/v1/tracks/1qCdYQdkWvm4cYXAuOlbyc,2012-12-10,pau_ik
2013,5,2 de febrero,Locked Out of Heaven,['Bruno Mars'],https://es.wikipedia.org/wiki/Anexo:Los_n%C3%BAmeros_uno_de_Los_40_Principales_(Espa%C3%B1a)_2013,42.0,Locked Out of Heaven,['Bruno Mars'],Locked Out Of Heaven,https://api.spotify.com/v1/tracks/5PsMbxhgWpJMsouEfDTX6r,2012-10-02,amane88
2013,6,9 de febrero,Locked Out of Heaven,['Bruno Mars'],https://es.wikipedia.org/wiki/Anexo:Los_n%C3%BAmeros_uno_de_Los_40_Principales_(Espa%C3%B1a)_2013,43.0,Locked Out of Heaven,['Bruno Mars'],Unorthodox Jukebox,https://api.spotify.com/v1/tracks/1qCdYQdkWvm4cYXAuOlbyc,2012-12-10,pau_ik
2013,6,9 de febrero,Locked Out of Heaven,['Bruno Mars'],https://es.wikipedia.org/wiki/Anexo:Los_n%C3%BAmeros_uno_de_Los_40_Principales_(Espa%C3%B1a)_2013,42.0,Locked Out of Heaven,['Bruno Mars'],Locked Out Of Heaven,https://api.spotify.com/v1/tracks/5PsMbxhgWpJMsouEfDTX6r,2012-10-02,amane88
2013,11,16 de marzo,Locked Out of Heaven,['Bruno Mars'],https://es.wikipedia.org/wiki/Anexo:Los_n%C3%BAmeros_uno_de_Los_40_Principales_(Espa%C3%B1a)_2013,43.0,Locked Out of Heaven,['Bruno Mars'],Unorthodox Jukebox,https://api.spotify.com/v1/tracks/1qCdYQdkWvm4cYXAuOlbyc,2012-12-10,pau_ik
2013,11,16 de marzo,Locked Out of Heaven,['Bruno Mars'],https://es.wikipedia.org/wiki/Anexo:Los_n%C3%BAmeros_uno_de_Los_40_Principales_(Espa%C3%B1a)_2013,42.0,Locked Out of Heaven,['Bruno Mars'],Locked Out Of Heaven,https://api.spotify.com/v1/tracks/5PsMbxhgWpJMsouEfDTX6r,2012-10-02,amane88
2013,9,2 de marzo,Scream & Shout,"['will.i.am', 'Britney Spears']",https://es.wikipedia.org/wiki/Anexo:Los_n%C3%BAmeros_uno_de_Los_40_Principales_(Espa%C3%B1a)_2013,10.0,Scream & Shout,"['will.i.am', 'Britney Spears']",Scream & Shout,https://api.spotify.com/v1/tracks/7n6ibfsRHhCb1Ccl9Fg2CZ,2012-01-01,angelus_
2013,10,9 de marzo,Scream & Shout,"['will.i.am', 'Britney Spears']",https://es.wikipedia.org/wiki/Anexo:Los_n%C3%BAmeros_uno_de_Los_40_Principales_(Espa%C3%B1a)_2013,10.0,Scream & Shout,"['will.i.am', 'Britney Spears']",Scream & Shout,https://api.spotify.com/v1/tracks/7n6ibfsRHhCb1Ccl9Fg2CZ,2012-01-01,angelus_
2013,12,23 de marzo,Try,['P!nk'],https://es.wikipedia.org/wiki/Anexo:Los_n%C3%BAmeros_uno_de_Los_40_Principales_(Espa%C3%B1a)_2013,69.0,Try,['P!nk'],The Truth About Love,https://api.spotify.com/v1/tracks/1jF7IL57ayN4Ity3jQqGu0,2012-09-18,dannig012
2013,14,6 de abril,Feel This Moment,"['Pitbull', 'Christina Aguilera']",https://es.wikipedia.org/wiki/Anexo:Los_n%C3%BAmeros_uno_de_Los_40_Principales_(Espa%C3%B1a)_2013,53.0,Feel This Moment,"['Pitbull', 'Christina Aguilera']",Global Warming,https://api.spotify.com/v1/tracks/4yOn1TEcfsKHUJCL2h1r8I,2012-11-16,dannig012
2013,15,13 de abril,Feel This Moment,"['Pitbull', 'Christina Aguilera']",https://es.wikipedia.org/wiki/Anexo:Los_n%C3%BAmeros_uno_de_Los_40_Principales_(Espa%C3%B1a)_2013,53.0,Feel This Moment,"['Pitbull', 'Christina Aguilera']",Global Warming,https://api.spotify.com/v1/tracks/4yOn1TEcfsKHUJCL2h1r8I,2012-11-16,dannig012
2013,18,4 de mayo,Feel This Moment,"['Pitbull', 'Christina Aguilera']",https://es.wikipedia.org/wiki/Anexo:Los_n%C3%BAmeros_uno_de_Los_40_Principales_(Espa%C3%B1a)_2013,53.0,Feel This Moment,"['Pitbull', 'Christina Aguilera']",Global Warming,https://api.spotify.com/v1/tracks/4yOn1TEcfsKHUJCL2h1r8I,2012-11-16,dannig012
2013,19,11 de mayo,Tu jardín con enanitos,['Melendi'],https://es.wikipedia.org/wiki/Anexo:Los_n%C3%BAmeros_uno_de_Los_40_Principales_(Espa%C3%B1a)_2013,62.0,Tu jardín con enanitos,['Melendi'],Lágrimas desordenadas,https://api.spotify.com/v1/tracks/6yCjU5j6YHbux2VQCBTTE1,2012-11-13,amane88
2013,21,25 de mayo,Tu jardín con enanitos,['Melendi'],https://es.wikipedia.org/wiki/Anexo:Los_n%C3%BAmeros_uno_de_Los_40_Principales_(Espa%C3%B1a)_2013,62.0,Tu jardín con enanitos,['Melendi'],Lágrimas desordenadas,https://api.spotify.com/v1/tracks/6yCjU5j6YHbux2VQCBTTE1,2012-11-13,amane88
2013,25,22 de junio,Get Lucky,"['Daft Punk', 'Pharrell Williams', 'Nile Rodgers']",https://es.wikipedia.org/wiki/Anexo:Los_n%C3%BAmeros_uno_de_Los_40_Principales_(Espa%C3%B1a)_2013,69.0,Get Lucky,"['Daft Punk', 'Pharrell Williams', 'Nile Rodgers']",Random Access Memories,https://api.spotify.com/v1/tracks/69kOkLUCkxIZYexIgSG8rq,2013-05-17,dannig012
2013,26,29 de junio,Get Lucky,"['Daft Punk', 'Pharrell Williams', 'Nile Rodgers']",https://es.wikipedia.org/wiki/Anexo:Los_n%C3%BAmeros_uno_de_Los_40_Principales_(Espa%C3%B1a)_2013,69.0,Get Lucky,"['Daft Punk', 'Pharrell Williams', 'Nile Rodgers']",Random Access Memories,https://api.spotify.com/v1/tracks/69kOkLUCkxIZYexIgSG8rq,2013-05-17,dannig012
2013,28,13 de julio,Let Her Go,['Passenger'],https://es.wikipedia.org/wiki/Anexo:Los_n%C3%BAmeros_uno_de_Los_40_Principales_(Espa%C3%B1a)_2013,73.0,Let Her Go,['Passenger'],All The Little Lights,https://api.spotify.com/v1/tracks/7DFNE7NO0raLIUbgzY2rzm,2012-11-05,aechos
2013,29,20 de julio,Let Her Go,['Passenger'],https://es.wikipedia.org/wiki/Anexo:Los_n%C3%BAmeros_uno_de_Los_40_Principales_(Espa%C3%B1a)_2013,73.0,Let Her Go,['Passenger'],All The Little Lights,https://api.spotify.com/v1/tracks/7DFNE7NO0raLIUbgzY2rzm,2012-11-05,aechos
2013,33,17 de agosto,Blurred Lines,"['Robin Thicke', 'T.I.', 'Pharrell Williams']",https://es.wikipedia.org/wiki/Anexo:Los_n%C3%BAmeros_uno_de_Los_40_Principales_(Espa%C3%B1a)_2013,14.0,Blurred Lines,"['Robin Thicke', 'T.I.', 'Pharrell Williams']",Blurred Lines (Deluxe),https://api.spotify.com/v1/tracks/0Rz1KXsP4bhGxs0ffySSSn,2013-01-01,brunocossio
2013,35,31 de agosto,Blurred Lines,"['Robin Thicke', 'T.I.', 'Pharrell Williams']",https://es.wikipedia.org/wiki/Anexo:Los_n%C3%BAmeros_uno_de_Los_40_Principales_(Espa%C3%B1a)_2013,14.0,Blurred Lines,"['Robin Thicke', 'T.I.', 'Pharrell Williams']",Blurred Lines (Deluxe),https://api.spotify.com/v1/tracks/0Rz1KXsP4bhGxs0ffySSSn,2013-01-01,brunocossio
2013,36,7 de septiembre,Blurred Lines,"['Robin Thicke', 'T.I.', 'Pharrell Williams']",https://es.wikipedia.org/wiki/Anexo:Los_n%C3%BAmeros_uno_de_Los_40_Principales_(Espa%C3%B1a)_2013,14.0,Blurred Lines,"['Robin Thicke', 'T.I.', 'Pharrell Williams']",Blurred Lines (Deluxe),https://api.spotify.com/v1/tracks/0Rz1KXsP4bhGxs0ffySSSn,2013-01-01,brunocossio
2013,39,28 de septiembre,La La La,"['Naughty Boy', 'Sam Smith']",https://es.wikipedia.org/wiki/Anexo:Los_n%C3%BAmeros_uno_de_Los_40_Principales_(Espa%C3%B1a)_2013,55.0,La La La,"['Naughty Boy', 'Sam Smith']",La La La,https://api.spotify.com/v1/tracks/52gvlDnre9craz9dKGObp8,2013-01-01,brunocossio
2013,39,28 de septiembre,La La La,"['Naughty Boy', 'Sam Smith']",https://es.wikipedia.org/wiki/Anexo:Los_n%C3%BAmeros_uno_de_Los_40_Principales_(Espa%C3%B1a)_2013,1.0,La La La,"['Naughty Boy', 'Sam Smith']",In The Lonely Hour (Deluxe Edition),https://api.spotify.com/v1/tracks/2R96uVFJ0GSbO5P0PSbINP,2014-01-01,42416345k
2013,40,5 de octubre,We Can't Stop,['Miley Cyrus'],https://es.wikipedia.org/wiki/Anexo:Los_n%C3%BAmeros_uno_de_Los_40_Principales_(Espa%C3%B1a)_2013,75.0,We Can't Stop,['Miley Cyrus'],Bangerz (Deluxe Version),https://api.spotify.com/v1/tracks/2y4lAQpi5VTNLu2ldeTdUH,2013-10-04,angelus_
2013,40,5 de octubre,We Can't Stop,['Miley Cyrus'],https://es.wikipedia.org/wiki/Anexo:Los_n%C3%BAmeros_uno_de_Los_40_Principales_(Espa%C3%B1a)_2013,3.0,We Can't Stop,['Miley Cyrus'],Bangerz (Deluxe Version),https://api.spotify.com/v1/tracks/3laEHVL9YgKy7loUz6PaAh,2013-10-04,dannig012
2013,40,5 de octubre,We Can't Stop,['Miley Cyrus'],https://es.wikipedia.org/wiki/Anexo:Los_n%C3%BAmeros_uno_de_Los_40_Principales_(Espa%C3%B1a)_2013,15.0,We Can't Stop,['Miley Cyrus'],We Can't Stop,https://api.spotify.com/v1/tracks/5ve0BYRZZ2aoHFqZMxqYgt,2013-06-03,dannig012
2013,43,26 de octubre,Roar,['Katy Perry'],https://es.wikipedia.org/wiki/Anexo:Los_n%C3%BAmeros_uno_de_Los_40_Principales_(Espa%C3%B1a)_2013,15.0,Roar,['Katy Perry'],PRISM (Deluxe),https://api.spotify.com/v1/tracks/3bDGwl0X3EjQmIyFD1uif5,2013-01-01,angelus_
2013,43,26 de octubre,Roar,['Katy Perry'],https://es.wikipedia.org/wiki/Anexo:Los_n%C3%BAmeros_uno_de_Los_40_Principales_(Espa%C3%B1a)_2013,6.0,Roar,['Katy Perry'],Roar,https://api.spotify.com/v1/tracks/3wepnWWqG3Kn8yt3tj1wDy,2013-01-01,dannig012
2013,43,26 de octubre,Roar,['Katy Perry'],https://es.wikipedia.org/wiki/Anexo:Los_n%C3%BAmeros_uno_de_Los_40_Principales_(Espa%C3%B1a)_2013,74.0,Roar,['Katy Perry'],PRISM (Deluxe),https://api.spotify.com/v1/tracks/6F5c58TMEs1byxUstkzVeM,2013-01-01,nestorviolin
2013,45,9 de noviembre,Wrecking Ball,['Miley Cyrus'],https://es.wikipedia.org/wiki/Anexo:Los_n%C3%BAmeros_uno_de_Los_40_Principales_(Espa%C3%B1a)_2013,72.0,Wrecking Ball,['Miley Cyrus'],Bangerz (Deluxe Version),https://api.spotify.com/v1/tracks/2vwlzO0Qp8kfEtzTsCXfyE,2013-10-04,dannig012
2013,46,16 de noviembre,Wrecking Ball,['Miley Cyrus'],https://es.wikipedia.org/wiki/Anexo:Los_n%C3%BAmeros_uno_de_Los_40_Principales_(Espa%C3%B1a)_2013,72.0,Wrecking Ball,['Miley Cyrus'],Bangerz (Deluxe Version),https://api.spotify.com/v1/tracks/2vwlzO0Qp8kfEtzTsCXfyE,2013-10-04,dannig012
2013,49,7 de diciembre,Wrecking Ball,['Miley Cyrus'],https://es.wikipedia.org/wiki/Anexo:Los_n%C3%BAmeros_uno_de_Los_40_Principales_(Espa%C3%B1a)_2013,72.0,Wrecking Ball,['Miley Cyrus'],Bangerz (Deluxe Version),https://api.spotify.com/v1/tracks/2vwlzO0Qp8kfEtzTsCXfyE,2013-10-04,dannig012
2013,50,14 de diciembre,Wrecking Ball,['Miley Cyrus'],https://es.wikipedia.org/wiki/Anexo:Los_n%C3%BAmeros_uno_de_Los_40_Principales_(Espa%C3%B1a)_2013,72.0,Wrecking Ball,['Miley Cyrus'],Bangerz (Deluxe Version),https://api.spotify.com/v1/tracks/2vwlzO0Qp8kfEtzTsCXfyE,2013-10-04,dannig012
2013,47,23 de noviembre,Burn,['Ellie Goulding'],https://es.wikipedia.org/wiki/Anexo:Los_n%C3%BAmeros_uno_de_Los_40_Principales_(Espa%C3%B1a)_2013,7.0,Burn,['Ellie Goulding'],Burn,https://api.spotify.com/v1/tracks/6B8CAgQ38mWf7xTvFtC0BB,2013-01-01,dannig012
2013,47,23 de noviembre,Burn,['Ellie Goulding'],https://es.wikipedia.org/wiki/Anexo:Los_n%C3%BAmeros_uno_de_Los_40_Principales_(Espa%C3%B1a)_2013,67.0,Burn,['Ellie Goulding'],Halcyon Days,https://api.spotify.com/v1/tracks/2GgxS8bUT5G25QJTsfSv0R,2014-01-01,nestorviolin
2013,48,30 de noviembre,Counting Stars,['OneRepublic'],https://es.wikipedia.org/wiki/Anexo:Los_n%C3%BAmeros_uno_de_Los_40_Principales_(Espa%C3%B1a)_2013,12.0,Counting Stars,['OneRepublic'],Native (Deluxe),https://api.spotify.com/v1/tracks/519uJbE3zyKLlToVA65PrP,2013-01-01,dannig012
2013,48,30 de noviembre,Counting Stars,['OneRepublic'],https://es.wikipedia.org/wiki/Anexo:Los_n%C3%BAmeros_uno_de_Los_40_Principales_(Espa%C3%B1a)_2013,5.0,Counting Stars,['OneRepublic'],Just Love,https://api.spotify.com/v1/tracks/3kd5bRZQrdMBRErXgp9xnd,2014-01-01,brunocossio
2014,5,1 de febrero,Hey Brother,['Avicii'],https://es.wikipedia.org/wiki/Anexo:Los_n%C3%BAmeros_uno_de_Los_40_Principales_(Espa%C3%B1a)_2014,19.0,Hey Brother,['Avicii'],True,https://api.spotify.com/v1/tracks/3zKST4nk4QJE77oLjUZ0Ng,2013-01-01,elsapato
2014,6,8 de febrero,Hey Brother,['Avicii'],https://es.wikipedia.org/wiki/Anexo:Los_n%C3%BAmeros_uno_de_Los_40_Principales_(Espa%C3%B1a)_2014,19.0,Hey Brother,['Avicii'],True,https://api.spotify.com/v1/tracks/3zKST4nk4QJE77oLjUZ0Ng,2013-01-01,elsapato
2014,12,22 de marzo,Can't Remember to Forget You,"['Shakira', 'Rihanna']",https://es.wikipedia.org/wiki/Anexo:Los_n%C3%BAmeros_uno_de_Los_40_Principales_(Espa%C3%B1a)_2014,7.0,Can't Remember to Forget You,"['Shakira', 'Rihanna']",Can't Remember to Forget You,https://api.spotify.com/v1/tracks/0BBj0SW3vef8UNzTg4lwH9,2014-01-13,angelus_
2014,16,19 de abril,Dark Horse,"['Katy Perry', 'Juicy J']",https://es.wikipedia.org/wiki/Anexo:Los_n%C3%BAmeros_uno_de_Los_40_Principales_(Espa%C3%B1a)_2014,15.0,Dark Horse,"['Katy Perry', 'Juicy J']",PRISM (Deluxe),https://api.spotify.com/v1/tracks/4kgsK0fftHtg9gZOzkU5T2,2013-01-01,angelus_
2014,16,19 de abril,Dark Horse,"['Katy Perry', 'Juicy J']",https://es.wikipedia.org/wiki/Anexo:Los_n%C3%BAmeros_uno_de_Los_40_Principales_(Espa%C3%B1a)_2014,0.0,Dark Horse,"['Katy Perry', 'Juicy J']",PRISM,https://api.spotify.com/v1/tracks/3dcnygRsyW2U390tK79Ck5,2013-01-01,angelus_
2014,18,3 de mayo,Dark Horse,"['Katy Perry', 'Juicy J']",https://es.wikipedia.org/wiki/Anexo:Los_n%C3%BAmeros_uno_de_Los_40_Principales_(Espa%C3%B1a)_2014,15.0,Dark Horse,"['Katy Perry', 'Juicy J']",PRISM (Deluxe),https://api.spotify.com/v1/tracks/4kgsK0fftHtg9gZOzkU5T2,2013-01-01,angelus_
2014,18,3 de mayo,Dark Horse,"['Katy Perry', 'Juicy J']",https://es.wikipedia.org/wiki/Anexo:Los_n%C3%BAmeros_uno_de_Los_40_Principales_(Espa%C3%B1a)_2014,0.0,Dark Horse,"['Katy Perry', 'Juicy J']",PRISM,https://api.spotify.com/v1/tracks/3dcnygRsyW2U390tK79Ck5,2013-01-01,angelus_
2014,21,24 de mayo,Trumpets,['Jason Derulo'],https://es.wikipedia.org/wiki/Anexo:Los_n%C3%BAmeros_uno_de_Los_40_Principales_(Espa%C3%B1a)_2014,64.0,Trumpets,['Jason Derulo'],Tattoos,https://api.spotify.com/v1/tracks/6jizk5lOUnfpaZXYMdfeC6,2013-09-10,dannig012
2014,30,26 de julio,Stolen Dance,['Milky Chance'],https://es.wikipedia.org/wiki/Anexo:Los_n%C3%BAmeros_uno_de_Los_40_Principales_(Espa%C3%B1a)_2014,11.0,Stolen Dance,['Milky Chance'],Sadnecessary,https://api.spotify.com/v1/tracks/6vZdRrueM9ZEJjx6EWe1XQ,2014-05-12,brunocossio
2014,30,26 de julio,Stolen Dance,['Milky Chance'],https://es.wikipedia.org/wiki/Anexo:Los_n%C3%BAmeros_uno_de_Los_40_Principales_(Espa%C3%B1a)_2014,5.0,Stolen Dance,['Milky Chance'],Stolen Dance,https://api.spotify.com/v1/tracks/44stBEuK7DXOyfoyuNndpn,2014-03-27,42416345k
2014,43,25 de octubre,All About That Bass,['Meghan Trainor'],https://es.wikipedia.org/wiki/Anexo:Los_n%C3%BAmeros_uno_de_Los_40_Principales_(Espa%C3%B1a)_2014,62.0,All About That Bass,['Meghan Trainor'],All About That Bass,https://api.spotify.com/v1/tracks/0ifSeVGUr7py5GggttDhXw,2014-06-30,dannig012
2014,43,25 de octubre,All About That Bass,['Meghan Trainor'],https://es.wikipedia.org/wiki/Anexo:Los_n%C3%BAmeros_uno_de_Los_40_Principales_(Espa%C3%B1a)_2014,66.0,All About That Bass,['Meghan Trainor'],Title (Deluxe),https://api.spotify.com/v1/tracks/5jE48hhRu8E6zBDPRSkEq7,2015-01-09,dannig012
2014,44,1 de noviembre,All About That Bass,['Meghan Trainor'],https://es.wikipedia.org/wiki/Anexo:Los_n%C3%BAmeros_uno_de_Los_40_Principales_(Espa%C3%B1a)_2014,62.0,All About That Bass,['Meghan Trainor'],All About That Bass,https://api.spotify.com/v1/tracks/0ifSeVGUr7py5GggttDhXw,2014-06-30,dannig012
2014,44,1 de noviembre,All About That Bass,['Meghan Trainor'],https://es.wikipedia.org/wiki/Anexo:Los_n%C3%BAmeros_uno_de_Los_40_Principales_(Espa%C3%B1a)_2014,66.0,All About That Bass,['Meghan Trainor'],Title (Deluxe),https://api.spotify.com/v1/tracks/5jE48hhRu8E6zBDPRSkEq7,2015-01-09,dannig012
2014,49,6 de diciembre,All About That Bass,['Meghan Trainor'],https://es.wikipedia.org/wiki/Anexo:Los_n%C3%BAmeros_uno_de_Los_40_Principales_(Espa%C3%B1a)_2014,62.0,All About That Bass,['Meghan Trainor'],All About That Bass,https://api.spotify.com/v1/tracks/0ifSeVGUr7py5GggttDhXw,2014-06-30,dannig012
2014,49,6 de diciembre,All About That Bass,['Meghan Trainor'],https://es.wikipedia.org/wiki/Anexo:Los_n%C3%BAmeros_uno_de_Los_40_Principales_(Espa%C3%B1a)_2014,66.0,All About That Bass,['Meghan Trainor'],Title (Deluxe),https://api.spotify.com/v1/tracks/5jE48hhRu8E6zBDPRSkEq7,2015-01-09,dannig012
2014,45,8 de noviembre,Chandelier,['Sia'],https://es.wikipedia.org/wiki/Anexo:Los_n%C3%BAmeros_uno_de_Los_40_Principales_(Espa%C3%B1a)_2014,52.0,Chandelier,['Sia'],Chandelier,https://api.spotify.com/v1/tracks/3D4QFgYa3P9P0gjmv4eX6I,2014-03-17,dannig012
2014,45,8 de noviembre,Chandelier,['Sia'],https://es.wikipedia.org/wiki/Anexo:Los_n%C3%BAmeros_uno_de_Los_40_Principales_(Espa%C3%B1a)_2014,67.0,Chandelier,['Sia'],1000 Forms Of Fear (Deluxe Version),https://api.spotify.com/v1/tracks/2s1sdSqGcKxpPr5lCl7jAV,2015-05-01,aechos
2014,45,8 de noviembre,Chandelier,['Sia'],https://es.wikipedia.org/wiki/Anexo:Los_n%C3%BAmeros_uno_de_Los_40_Principales_(Espa%C3%B1a)_2014,75.0,Chandelier,['Sia'],1000 Forms Of Fear,https://api.spotify.com/v1/tracks/4VrWlk8IQxevMvERoX08iC,2014-07-04,pau_ik
2014,47,22 de noviembre,Chandelier,['Sia'],https://es.wikipedia.org/wiki/Anexo:Los_n%C3%BAmeros_uno_de_Los_40_Principales_(Espa%C3%B1a)_2014,52.0,Chandelier,['Sia'],Chandelier,https://api.spotify.com/v1/tracks/3D4QFgYa3P9P0gjmv4eX6I,2014-03-17,dannig012
2014,47,22 de noviembre,Chandelier,['Sia'],https://es.wikipedia.org/wiki/Anexo:Los_n%C3%BAmeros_uno_de_Los_40_Principales_(Espa%C3%B1a)_2014,67.0,Chandelier,['Sia'],1000 Forms Of Fear (Deluxe Version),https://api.spotify.com/v1/tracks/2s1sdSqGcKxpPr5lCl7jAV,2015-05-01,aechos
2014,47,22 de noviembre,Chandelier,['Sia'],https://es.wikipedia.org/wiki/Anexo:Los_n%C3%BAmeros_uno_de_Los_40_Principales_(Espa%C3%B1a)_2014,75.0,Chandelier,['Sia'],1000 Forms Of Fear,https://api.spotify.com/v1/tracks/4VrWlk8IQxevMvERoX08iC,2014-07-04,pau_ik
2014,52,27 de diciembre,Tocado y hundido,['Melendi'],https://es.wikipedia.org/wiki/Anexo:Los_n%C3%BAmeros_uno_de_Los_40_Principales_(Espa%C3%B1a)_2014,53.0,Tocado y hundido,['Melendi'],Un alumno más,https://api.spotify.com/v1/tracks/4lN533ecUjcnqTkdxaYoP2,2014-11-25,jluisite
2015,3,17 de enero,Tocado y hundido,['Melendi'],https://es.wikipedia.org/wiki/Anexo:Los_n%C3%BAmeros_uno_de_Los_40_Principales_(Espa%C3%B1a)_2015,53.0,Tocado y hundido,['Melendi'],Un alumno más,https://api.spotify.com/v1/tracks/4lN533ecUjcnqTkdxaYoP2,2014-11-25,jluisite
2015,2,10 de enero,People Help the People,['Birdy'],https://es.wikipedia.org/wiki/Anexo:Los_n%C3%BAmeros_uno_de_Los_40_Principales_(Espa%C3%B1a)_2015,61.0,People Help the People,['Birdy'],Birdy,https://api.spotify.com/v1/tracks/0YywjDvFudcaHG74NuWISy,2011-11-04,brunocossio
2015,4,24 de enero,Uptown Funk,"['Mark Ronson', 'Bruno Mars']",https://es.wikipedia.org/wiki/Anexo:Los_n%C3%BAmeros_uno_de_Los_40_Principales_(Espa%C3%B1a)_2015,33.0,Uptown Funk,"['Mark Ronson', 'Bruno Mars']",Uptown Funk,https://api.spotify.com/v1/tracks/4rmPQGwcLQjCoFq5NrTA0D,2014-11-24,pau_ik
2015,4,24 de enero,Uptown Funk,"['Mark Ronson', 'Bruno Mars']",https://es.wikipedia.org/wiki/Anexo:Los_n%C3%BAmeros_uno_de_Los_40_Principales_(Espa%C3%B1a)_2015,78.0,Uptown Funk,"['Mark Ronson', 'Bruno Mars']",Uptown Special,https://api.spotify.com/v1/tracks/32OlwWuMpZ6b0aN2RZOeMS,2015-01-12,42416345k
2015,5,31 de enero,Uptown Funk,"['Mark Ronson', 'Bruno Mars']",https://es.wikipedia.org/wiki/Anexo:Los_n%C3%BAmeros_uno_de_Los_40_Principales_(Espa%C3%B1a)_2015,33.0,Uptown Funk,"['Mark Ronson', 'Bruno Mars']",Uptown Funk,https://api.spotify.com/v1/tracks/4rmPQGwcLQjCoFq5NrTA0D,2014-11-24,pau_ik
2015,5,31 de enero,Uptown Funk,"['Mark Ronson', 'Bruno Mars']",https://es.wikipedia.org/wiki/Anexo:Los_n%C3%BAmeros_uno_de_Los_40_Principales_(Espa%C3%B1a)_2015,78.0,Uptown Funk,"['Mark Ronson', 'Bruno Mars']",Uptown Special,https://api.spotify.com/v1/tracks/32OlwWuMpZ6b0aN2RZOeMS,2015-01-12,42416345k
2015,6,7 de febrero,Uptown Funk,"['Mark Ronson', 'Bruno Mars']",https://es.wikipedia.org/wiki/Anexo:Los_n%C3%BAmeros_uno_de_Los_40_Principales_(Espa%C3%B1a)_2015,33.0,Uptown Funk,"['Mark Ronson', 'Bruno Mars']",Uptown Funk,https://api.spotify.com/v1/tracks/4rmPQGwcLQjCoFq5NrTA0D,2014-11-24,pau_ik
2015,6,7 de febrero,Uptown Funk,"['Mark Ronson', 'Bruno Mars']",https://es.wikipedia.org/wiki/Anexo:Los_n%C3%BAmeros_uno_de_Los_40_Principales_(Espa%C3%B1a)_2015,78.0,Uptown Funk,"['Mark Ronson', 'Bruno Mars']",Uptown Special,https://api.spotify.com/v1/tracks/32OlwWuMpZ6b0aN2RZOeMS,2015-01-12,42416345k
2015,9,28 de febrero,Animals,['Maroon 5'],https://es.wikipedia.org/wiki/Anexo:Los_n%C3%BAmeros_uno_de_Los_40_Principales_(Espa%C3%B1a)_2015,2.0,Animals,['Maroon 5'],V,https://api.spotify.com/v1/tracks/7uolkTLavH97itenLjNmx9,2014-08-29,42416345k
2015,15,11 de abril,Elastic Heart,['Sia'],https://es.wikipedia.org/wiki/Anexo:Los_n%C3%BAmeros_uno_de_Los_40_Principales_(Espa%C3%B1a)_2015,68.0,Elastic Heart,['Sia'],1000 Forms Of Fear,https://api.spotify.com/v1/tracks/6kwAbEjseqBob48jCus7Sz,2014-07-04,dannig012
2015,15,11 de abril,Elastic Heart,['Sia'],https://es.wikipedia.org/wiki/Anexo:Los_n%C3%BAmeros_uno_de_Los_40_Principales_(Espa%C3%B1a)_2015,63.0,Elastic Heart,['Sia'],1000 Forms Of Fear (Deluxe Version),https://api.spotify.com/v1/tracks/5S9lfZu1YF8xKkgSsqL2Bd,2015-05-01,dannig012
2015,18,2 de mayo,I'm an Albatraoz,['AronChupa'],https://es.wikipedia.org/wiki/Anexo:Los_n%C3%BAmeros_uno_de_Los_40_Principales_(Espa%C3%B1a)_2015,69.0,I'm an Albatraoz,['AronChupa'],I'm an Albatraoz,https://api.spotify.com/v1/tracks/5MhsZlmKJG6X5kTHkdwC4B,2014-08-08,angelus_
2015,44,31 de octubre,Marvin Gaye,"['Charlie Puth', 'Meghan Trainor']",https://es.wikipedia.org/wiki/Anexo:Los_n%C3%BAmeros_uno_de_Los_40_Principales_(Espa%C3%B1a)_2015,68.0,Marvin Gaye,"['Charlie Puth', 'Meghan Trainor']",Some Type Of Love,https://api.spotify.com/v1/tracks/6ukMqDxnOPOgoHdak7Kyp3,2015-05-01,dannig012
2015,45,7 de noviembre,What Do You Mean?,['Justin Bieber'],https://es.wikipedia.org/wiki/Anexo:Los_n%C3%BAmeros_uno_de_Los_40_Principales_(Espa%C3%B1a)_2015,9.0,What Do You Mean?,['Justin Bieber'],What Do You Mean?,https://api.spotify.com/v1/tracks/1ds2QsfhAAfRiaFMGDzrdb,2015-08-28,angelus_
2015,46,14 de noviembre,Hello,['Adele'],https://es.wikipedia.org/wiki/Anexo:Los_n%C3%BAmeros_uno_de_Los_40_Principales_(Espa%C3%B1a)_2015,68.0,Hello,['Adele'],25,https://api.spotify.com/v1/tracks/4aebBr4JAihzJQR0CiIZJv,2015-11-20,dannig012
2015,47,21 de noviembre,Hello,['Adele'],https://es.wikipedia.org/wiki/Anexo:Los_n%C3%BAmeros_uno_de_Los_40_Principales_(Espa%C3%B1a)_2015,68.0,Hello,['Adele'],25,https://api.spotify.com/v1/tracks/4aebBr4JAihzJQR0CiIZJv,2015-11-20,dannig012
2015,48,28 de noviembre,Hello,['Adele'],https://es.wikipedia.org/wiki/Anexo:Los_n%C3%BAmeros_uno_de_Los_40_Principales_(Espa%C3%B1a)_2015,68.0,Hello,['Adele'],25,https://api.spotify.com/v1/tracks/4aebBr4JAihzJQR0CiIZJv,2015-11-20,dannig012
2016,30,23 de julio,Ain't Your Mama,['Jennifer Lopez'],https://es.wikipedia.org/wiki/Anexo:Los_n%C3%BAmeros_uno_de_LOS40_(Espa%C3%B1a)_2016,69.0,Ain't Your Mama,['Jennifer Lopez'],Ain't Your Mama,https://api.spotify.com/v1/tracks/2hgzdQdnfWwtdpZbhZlV72,2016-04-07,dannig012
2016,38,17 de septiembre,We Don't Talk Anymore,"['Charlie Puth', 'Selena Gomez']",https://es.wikipedia.org/wiki/Anexo:Los_n%C3%BAmeros_uno_de_LOS40_(Espa%C3%B1a)_2016,76.0,We Don't Talk Anymore,"['Charlie Puth', 'Selena Gomez']",Nine Track Mind,https://api.spotify.com/v1/tracks/06KyNuuMOX1ROXRhj787tj,2016-01-29,nestorviolin
2016,46,12 de noviembre,The Greatest,"['Sia', 'Kendrick Lamar']",https://es.wikipedia.org/wiki/Anexo:Los_n%C3%BAmeros_uno_de_LOS40_(Espa%C3%B1a)_2016,72.0,The Greatest,"['Sia', 'Kendrick Lamar']",This Is Acting (Deluxe Version),https://api.spotify.com/v1/tracks/7xHWNBFm6ObGEQPaUxHuKO,2016-10-21,aechos
2016,46,12 de noviembre,The Greatest,"['Sia', 'Kendrick Lamar']",https://es.wikipedia.org/wiki/Anexo:Los_n%C3%BAmeros_uno_de_LOS40_(Espa%C3%B1a)_2016,15.0,The Greatest,"['Sia', 'Kendrick Lamar']",The Greatest,https://api.spotify.com/v1/tracks/3XIIOCu6B8PuGq5j61asEM,2016,dannig012
2016,52,24 de diciembre,Chantaje,"['Shakira', 'Maluma']",https://es.wikipedia.org/wiki/Anexo:Los_n%C3%BAmeros_uno_de_LOS40_(Espa%C3%B1a)_2016,15.0,Chantaje,"['Shakira', 'Maluma']",Chantaje,https://api.spotify.com/v1/tracks/1WniHvhq9zTkny0WvGXX8o,2016,aechos
2016,53,31 de diciembre,Chantaje,"['Shakira', 'Maluma']",https://es.wikipedia.org/wiki/Anexo:Los_n%C3%BAmeros_uno_de_LOS40_(Espa%C3%B1a)_2016,15.0,Chantaje,"['Shakira', 'Maluma']",Chantaje,https://api.spotify.com/v1/tracks/1WniHvhq9zTkny0WvGXX8o,2016,aechos
2017,4,28 de enero,Shape of You,['Ed Sheeran'],https://es.wikipedia.org/wiki/Anexo:Los_n%C3%BAmeros_uno_de_LOS40_(Espa%C3%B1a)_2017,84.0,Shape of You,['Ed Sheeran'],÷ (Deluxe),https://api.spotify.com/v1/tracks/7qiZfU4dY1lWllzX7mPBI3,2017-03-03,angelus_
2017,5,4 de febrero,Shape of You,['Ed Sheeran'],https://es.wikipedia.org/wiki/Anexo:Los_n%C3%BAmeros_uno_de_LOS40_(Espa%C3%B1a)_2017,84.0,Shape of You,['Ed Sheeran'],÷ (Deluxe),https://api.spotify.com/v1/tracks/7qiZfU4dY1lWllzX7mPBI3,2017-03-03,angelus_
2017,11,18 de marzo,Shape of You,['Ed Sheeran'],https://es.wikipedia.org/wiki/Anexo:Los_n%C3%BAmeros_uno_de_LOS40_(Espa%C3%B1a)_2017,84.0,Shape of You,['Ed Sheeran'],÷ (Deluxe),https://api.spotify.com/v1/tracks/7qiZfU4dY1lWllzX7mPBI3,2017-03-03,angelus_
2017,12,25 de marzo,Shape of You,['Ed Sheeran'],https://es.wikipedia.org/wiki/Anexo:Los_n%C3%BAmeros_uno_de_LOS40_(Espa%C3%B1a)_2017,84.0,Shape of You,['Ed Sheeran'],÷ (Deluxe),https://api.spotify.com/v1/tracks/7qiZfU4dY1lWllzX7mPBI3,2017-03-03,angelus_
2017,26,1 de julio,Issues,['Julia Michaels'],https://es.wikipedia.org/wiki/Anexo:Los_n%C3%BAmeros_uno_de_LOS40_(Espa%C3%B1a)_2017,17.0,Issues,['Julia Michaels'],Issues,https://api.spotify.com/v1/tracks/1sXUWdKx03aP9Gmzft58rt,2017-01-13,dannig012
2017,27,8 de julio,Malibu,['Miley Cyrus'],https://es.wikipedia.org/wiki/Anexo:Los_n%C3%BAmeros_uno_de_LOS40_(Espa%C3%B1a)_2017,76.0,Malibu,['Miley Cyrus'],Younger Now,https://api.spotify.com/v1/tracks/1UZOjK1BwmwWU14Erba9CZ,2017-09-29,nestorviolin
2017,29,22 de julio,Attention,['Charlie Puth'],https://es.wikipedia.org/wiki/Anexo:Los_n%C3%BAmeros_uno_de_LOS40_(Espa%C3%B1a)_2017,23.0,Attention,['Charlie Puth'],Attention,https://api.spotify.com/v1/tracks/4iLqG9SeJSnt0cSPICSjxv,2017-04-20,nestorviolin
2017,30,29 de julio,Attention,['Charlie Puth'],https://es.wikipedia.org/wiki/Anexo:Los_n%C3%BAmeros_uno_de_LOS40_(Espa%C3%B1a)_2017,23.0,Attention,['Charlie Puth'],Attention,https://api.spotify.com/v1/tracks/4iLqG9SeJSnt0cSPICSjxv,2017-04-20,nestorviolin
2017,40,7 de octubre,No vaya a ser,['Pablo Alborán'],https://es.wikipedia.org/wiki/Anexo:Los_n%C3%BAmeros_uno_de_LOS40_(Espa%C3%B1a)_2017,54.0,No vaya a ser,['Pablo Alborán'],Prometo,https://api.spotify.com/v1/tracks/6ZZOdrcqRZzTCwGlsy00SU,2017-11-17,chicareversible
2017,48,2 de diciembre,New Rules,['Dua Lipa'],https://es.wikipedia.org/wiki/Anexo:Los_n%C3%BAmeros_uno_de_LOS40_(Espa%C3%B1a)_2017,80.0,New Rules,['Dua Lipa'],Dua Lipa (Deluxe),https://api.spotify.com/v1/tracks/2ekn2ttSfGqwhhate0LSR0,2017-06-02,42416345k
2018,18,5 de mayo,X,"['Nicky Jam', 'J Balvin']",https://es.wikipedia.org/wiki/Anexo:Los_n%C3%BAmeros_uno_de_LOS40_(Espa%C3%B1a)_2018,77.0,X,"['Nicky Jam', 'J Balvin']",X,https://api.spotify.com/v1/tracks/39N9RPD9MRb5WmoLzNzPeA,2018-03-02,amane88
2018,32,11 de agosto,Flames,"['David Guetta', 'Sia']",https://es.wikipedia.org/wiki/Anexo:Los_n%C3%BAmeros_uno_de_LOS40_(Espa%C3%B1a)_2018,75.0,Flames,"['David Guetta', 'Sia']",Flames,https://api.spotify.com/v1/tracks/33IOhptvC2Qoy2UhjiHXLV,2018-03-22,aechos
2018,32,11 de agosto,Flames,"['David Guetta', 'Sia']",https://es.wikipedia.org/wiki/Anexo:Los_n%C3%BAmeros_uno_de_LOS40_(Espa%C3%B1a)_2018,64.0,Flames,"['David Guetta', 'Sia']",7,https://api.spotify.com/v1/tracks/66BjcDhhwWCcQIBxHMpKXh,2018-09-14,nestorviolin
