year,week,date,track,artists,url
2011,1,1 de enero,Loca,"['Shakira', 'El Cata']",https://es.wikipedia.org/wiki/Anexo:Los_n%C3%BAmeros_uno_de_Los_40_Principales_(Espa%C3%B1a)_2011
2011,2,8 de enero,Barbie de extrarradio,['Melendi'],https://es.wikipedia.org/wiki/Anexo:Los_n%C3%BAmeros_uno_de_Los_40_Principales_(Espa%C3%B1a)_2011
2011,3,15 de enero,Love the Way You Lie,"['Eminem', 'Rihanna']",https://es.wikipedia.org/wiki/Anexo:Los_n%C3%BAmeros_uno_de_Los_40_Principales_(Espa%C3%B1a)_2011
2011,4,22 de enero,The Time (Dirty Bit),['The Black Eyed Peas'],https://es.wikipedia.org/wiki/Anexo:Los_n%C3%BAmeros_uno_de_Los_40_Principales_(Espa%C3%B1a)_2011
2011,5,29 de enero,The Time (Dirty Bit),['The Black Eyed Peas'],https://es.wikipedia.org/wiki/Anexo:Los_n%C3%BAmeros_uno_de_Los_40_Principales_(Espa%C3%B1a)_2011
2011,6,5 de febrero,Hold My Hand,"['Michael Jackson', 'Akon']",https://es.wikipedia.org/wiki/Anexo:Los_n%C3%BAmeros_uno_de_Los_40_Principales_(Espa%C3%B1a)_2011
2011,7,12 de febrero,Hold My Hand,"['Michael Jackson', 'Akon']",https://es.wikipedia.org/wiki/Anexo:Los_n%C3%BAmeros_uno_de_Los_40_Principales_(Espa%C3%B1a)_2011
2011,8,19 de febrero,Who's That Chick?,"['David Guetta', 'Rihanna']",https://es.wikipedia.org/wiki/Anexo:Los_n%C3%BAmeros_uno_de_Los_40_Principales_(Espa%C3%B1a)_2011
2011,9,26 de febrero,Tonight (I'm Lovin' You),"['Enrique Iglesias', 'Ludacris', 'DJ Frank E']",https://es.wikipedia.org/wiki/Anexo:Los_n%C3%BAmeros_uno_de_Los_40_Principales_(Espa%C3%B1a)_2011
2011,10,5 de marzo,Tonight (I'm Lovin' You),"['Enrique Iglesias', 'Ludacris', 'DJ Frank E']",https://es.wikipedia.org/wiki/Anexo:Los_n%C3%BAmeros_uno_de_Los_40_Principales_(Espa%C3%B1a)_2011
2011,11,12 de marzo,Tu mirada me hace grande,['Maldita Nerea'],https://es.wikipedia.org/wiki/Anexo:Los_n%C3%BAmeros_uno_de_Los_40_Principales_(Espa%C3%B1a)_2011
2011,12,19 de marzo,Tonight (I'm Lovin' You),"['Enrique Iglesias', 'Ludacris', 'DJ Frank E']",https://es.wikipedia.org/wiki/Anexo:Los_n%C3%BAmeros_uno_de_Los_40_Principales_(Espa%C3%B1a)_2011
2011,13,26 de marzo,Blanco y negro,['Malú'],https://es.wikipedia.org/wiki/Anexo:Los_n%C3%BAmeros_uno_de_Los_40_Principales_(Espa%C3%B1a)_2011
2011,14,2 de abril,Blanco y negro,['Malú'],https://es.wikipedia.org/wiki/Anexo:Los_n%C3%BAmeros_uno_de_Los_40_Principales_(Espa%C3%B1a)_2011
2011,15,9 de abril,Born This Way,['Lady Gaga'],https://es.wikipedia.org/wiki/Anexo:Los_n%C3%BAmeros_uno_de_Los_40_Principales_(Espa%C3%B1a)_2011
2011,16,16 de abril,Born This Way,['Lady Gaga'],https://es.wikipedia.org/wiki/Anexo:Los_n%C3%BAmeros_uno_de_Los_40_Principales_(Espa%C3%B1a)_2011
2011,17,23 de abril,On the Floor,"['Jennifer Lopez', 'Pitbull']",https://es.wikipedia.org/wiki/Anexo:Los_n%C3%BAmeros_uno_de_Los_40_Principales_(Espa%C3%B1a)_2011
2011,18,30 de abril,On the Floor,"['Jennifer Lopez', 'Pitbull']",https://es.wikipedia.org/wiki/Anexo:Los_n%C3%BAmeros_uno_de_Los_40_Principales_(Espa%C3%B1a)_2011
2011,19,7 de mayo,Lead The Way,"['Carlos Jean', 'Electric Nana']",https://es.wikipedia.org/wiki/Anexo:Los_n%C3%BAmeros_uno_de_Los_40_Principales_(Espa%C3%B1a)_2011
2011,20,14 de mayo,Mr. Saxobeat,['Alexandra Stan'],https://es.wikipedia.org/wiki/Anexo:Los_n%C3%BAmeros_uno_de_Los_40_Principales_(Espa%C3%B1a)_2011
2011,21,21 de mayo,S&M,['Rihanna'],https://es.wikipedia.org/wiki/Anexo:Los_n%C3%BAmeros_uno_de_Los_40_Principales_(Espa%C3%B1a)_2011
2011,22,28 de mayo,S&M,['Rihanna'],https://es.wikipedia.org/wiki/Anexo:Los_n%C3%BAmeros_uno_de_Los_40_Principales_(Espa%C3%B1a)_2011
2011,23,4 de junio,On the Floor,"['Jennifer Lopez', 'Pitbull']",https://es.wikipedia.org/wiki/Anexo:Los_n%C3%BAmeros_uno_de_Los_40_Principales_(Espa%C3%B1a)_2011
2011,24,11 de junio,On the Floor,"['Jennifer Lopez', 'Pitbull']",https://es.wikipedia.org/wiki/Anexo:Los_n%C3%BAmeros_uno_de_Los_40_Principales_(Espa%C3%B1a)_2011
2011,25,18 de junio,On the Floor,"['Jennifer Lopez', 'Pitbull']",https://es.wikipedia.org/wiki/Anexo:Los_n%C3%BAmeros_uno_de_Los_40_Principales_(Espa%C3%B1a)_2011
2011,26,25 de junio,Give Me Everything,"['Pitbull', 'Ne-Yo', 'Afrojack', 'Nayer']",https://es.wikipedia.org/wiki/Anexo:Los_n%C3%BAmeros_uno_de_Los_40_Principales_(Espa%C3%B1a)_2011
2011,27,2 de julio,Give Me Everything,"['Pitbull', 'Ne-Yo', 'Afrojack', 'Nayer']",https://es.wikipedia.org/wiki/Anexo:Los_n%C3%BAmeros_uno_de_Los_40_Principales_(Espa%C3%B1a)_2011
2011,28,9 de julio,Give Me Everything,"['Pitbull', 'Ne-Yo', 'Afrojack', 'Nayer']",https://es.wikipedia.org/wiki/Anexo:Los_n%C3%BAmeros_uno_de_Los_40_Principales_(Espa%C3%B1a)_2011
2011,29,16 de julio,Party Rock Anthem,"['LMFAO', 'Lauren Bennett', 'GoonRock']",https://es.wikipedia.org/wiki/Anexo:Los_n%C3%BAmeros_uno_de_Los_40_Principales_(Espa%C3%B1a)_2011
2011,30,23 de julio,Give Me Everything,"['Pitbull', 'Ne-Yo', 'Afrojack', 'Nayer']",https://es.wikipedia.org/wiki/Anexo:Los_n%C3%BAmeros_uno_de_Los_40_Principales_(Espa%C3%B1a)_2011
2011,31,30 de julio,Party Rock Anthem,"['LMFAO', 'Lauren Bennett', 'GoonRock']",https://es.wikipedia.org/wiki/Anexo:Los_n%C3%BAmeros_uno_de_Los_40_Principales_(Espa%C3%B1a)_2011
2011,32,6 de agosto,Where Them Girls At,"['David Guetta', 'Flo Rida', 'Nicki Minaj']",https://es.wikipedia.org/wiki/Anexo:Los_n%C3%BAmeros_uno_de_Los_40_Principales_(Espa%C3%B1a)_2011
2011,33,13 de agosto,Give Me Everything,"['Pitbull', 'Ne-Yo', 'Afrojack', 'Nayer']",https://es.wikipedia.org/wiki/Anexo:Los_n%C3%BAmeros_uno_de_Los_40_Principales_(Espa%C3%B1a)_2011
2011,34,20 de agosto,Give Me Everything,"['Pitbull', 'Ne-Yo', 'Afrojack', 'Nayer']",https://es.wikipedia.org/wiki/Anexo:Los_n%C3%BAmeros_uno_de_Los_40_Principales_(Espa%C3%B1a)_2011
2011,35,27 de agosto,Till the World Ends,['Britney Spears'],https://es.wikipedia.org/wiki/Anexo:Los_n%C3%BAmeros_uno_de_Los_40_Principales_(Espa%C3%B1a)_2011
2011,36,3 de septiembre,Bailando por ahí,['Juan Magán'],https://es.wikipedia.org/wiki/Anexo:Los_n%C3%BAmeros_uno_de_Los_40_Principales_(Espa%C3%B1a)_2011
2011,37,10 de septiembre,Gimme The Base (DJ),"['Carlos Jean', 'M-AND-Y']",https://es.wikipedia.org/wiki/Anexo:Los_n%C3%BAmeros_uno_de_Los_40_Principales_(Espa%C3%B1a)_2011
2011,38,17 de septiembre,Danza kuduro,"['Don Omar', 'Lucenzo']",https://es.wikipedia.org/wiki/Anexo:Los_n%C3%BAmeros_uno_de_Los_40_Principales_(Espa%C3%B1a)_2011
2011,39,24 de septiembre,Bailando por ahí,['Juan Magán'],https://es.wikipedia.org/wiki/Anexo:Los_n%C3%BAmeros_uno_de_Los_40_Principales_(Espa%C3%B1a)_2011
2011,40,1 de octubre,La niña que llora en tus fiestas,['La Oreja de Van Gogh'],https://es.wikipedia.org/wiki/Anexo:Los_n%C3%BAmeros_uno_de_Los_40_Principales_(Espa%C3%B1a)_2011
2011,41,8 de octubre,La niña que llora en tus fiestas,['La Oreja de Van Gogh'],https://es.wikipedia.org/wiki/Anexo:Los_n%C3%BAmeros_uno_de_Los_40_Principales_(Espa%C3%B1a)_2011
2011,42,15 de octubre,Moves like Jagger,"['Maroon 5', 'Christina Aguilera']",https://es.wikipedia.org/wiki/Anexo:Los_n%C3%BAmeros_uno_de_Los_40_Principales_(Espa%C3%B1a)_2011
2011,43,22 de octubre,Moves like Jagger,"['Maroon 5', 'Christina Aguilera']",https://es.wikipedia.org/wiki/Anexo:Los_n%C3%BAmeros_uno_de_Los_40_Principales_(Espa%C3%B1a)_2011
2011,44,29 de octubre,Rain Over Me,"['Pitbull', 'Marc Anthony']",https://es.wikipedia.org/wiki/Anexo:Los_n%C3%BAmeros_uno_de_Los_40_Principales_(Espa%C3%B1a)_2011
2011,45,5 de noviembre,Moves like Jagger,"['Maroon 5', 'Christina Aguilera']",https://es.wikipedia.org/wiki/Anexo:Los_n%C3%BAmeros_uno_de_Los_40_Principales_(Espa%C3%B1a)_2011
2011,46,12 de noviembre,I Wanna Go,['Britney Spears'],https://es.wikipedia.org/wiki/Anexo:Los_n%C3%BAmeros_uno_de_Los_40_Principales_(Espa%C3%B1a)_2011
2011,47,19 de noviembre,¿No podíamos ser agua?,['Maldita Nerea'],https://es.wikipedia.org/wiki/Anexo:Los_n%C3%BAmeros_uno_de_Los_40_Principales_(Espa%C3%B1a)_2011
2011,48,26 de noviembre,We Found Love,"['Rihanna', 'Calvin Harris']",https://es.wikipedia.org/wiki/Anexo:Los_n%C3%BAmeros_uno_de_Los_40_Principales_(Espa%C3%B1a)_2011
2011,49,3 de diciembre,We Found Love,"['Rihanna', 'Calvin Harris']",https://es.wikipedia.org/wiki/Anexo:Los_n%C3%BAmeros_uno_de_Los_40_Principales_(Espa%C3%B1a)_2011
2011,50,10 de diciembre,Moves like Jagger,"['Maroon 5', 'Christina Aguilera']",https://es.wikipedia.org/wiki/Anexo:Los_n%C3%BAmeros_uno_de_Los_40_Principales_(Espa%C3%B1a)_2011
2011,51,17 de diciembre,Titanium,"['David Guetta', 'Sia']",https://es.wikipedia.org/wiki/Anexo:Los_n%C3%BAmeros_uno_de_Los_40_Principales_(Espa%C3%B1a)_2011
2011,52,24 de diciembre,Titanium,"['David Guetta', 'Sia']",https://es.wikipedia.org/wiki/Anexo:Los_n%C3%BAmeros_uno_de_Los_40_Principales_(Espa%C3%B1a)_2011
2011,53,31 de diciembre,Someone like You,['Adele'],https://es.wikipedia.org/wiki/Anexo:Los_n%C3%BAmeros_uno_de_Los_40_Principales_(Espa%C3%B1a)_2011
2012,1,7 de enero,Someone like You,['Adele'],https://es.wikipedia.org/wiki/Anexo:Los_n%C3%BAmeros_uno_de_Los_40_Principales_(Espa%C3%B1a)_2012
2012,2,14 de enero,Someone like You,['Adele'],https://es.wikipedia.org/wiki/Anexo:Los_n%C3%BAmeros_uno_de_Los_40_Principales_(Espa%C3%B1a)_2012
2012,3,21 de enero,Ai se eu te pego!,['Michel Teló'],https://es.wikipedia.org/wiki/Anexo:Los_n%C3%BAmeros_uno_de_Los_40_Principales_(Espa%C3%B1a)_2012
2012,4,28 de enero,Someone like You,['Adele'],https://es.wikipedia.org/wiki/Anexo:Los_n%C3%BAmeros_uno_de_Los_40_Principales_(Espa%C3%B1a)_2012
2012,5,4 de febrero,Got 2 Luv U,"['Sean Paul', 'Alexis Jordan']",https://es.wikipedia.org/wiki/Anexo:Los_n%C3%BAmeros_uno_de_Los_40_Principales_(Espa%C3%B1a)_2012
2012,6,11 de febrero,Someone like You,['Adele'],https://es.wikipedia.org/wiki/Anexo:Los_n%C3%BAmeros_uno_de_Los_40_Principales_(Espa%C3%B1a)_2012
2012,7,18 de febrero,Cometas por el cielo,['La Oreja de Van Gogh'],https://es.wikipedia.org/wiki/Anexo:Los_n%C3%BAmeros_uno_de_Los_40_Principales_(Espa%C3%B1a)_2012
2012,8,25 de febrero,Good Feeling,['Flo Rida'],https://es.wikipedia.org/wiki/Anexo:Los_n%C3%BAmeros_uno_de_Los_40_Principales_(Espa%C3%B1a)_2012
2012,9,3 de marzo,Stereo Hearts,"['Gym Class Heroes', 'Adam Levine']",https://es.wikipedia.org/wiki/Anexo:Los_n%C3%BAmeros_uno_de_Los_40_Principales_(Espa%C3%B1a)_2012
2012,10,10 de marzo,Stereo Hearts,"['Gym Class Heroes', 'Adam Levine']",https://es.wikipedia.org/wiki/Anexo:Los_n%C3%BAmeros_uno_de_Los_40_Principales_(Espa%C3%B1a)_2012
2012,11,17 de marzo,Hangover,"['Taio Cruz', 'Flo Rida']",https://es.wikipedia.org/wiki/Anexo:Los_n%C3%BAmeros_uno_de_Los_40_Principales_(Espa%C3%B1a)_2012
2012,12,24 de marzo,International Love,"['Pitbull', 'Chris Brown']",https://es.wikipedia.org/wiki/Anexo:Los_n%C3%BAmeros_uno_de_Los_40_Principales_(Espa%C3%B1a)_2012
2012,13,31 de marzo,Someone like You,['Adele'],https://es.wikipedia.org/wiki/Anexo:Los_n%C3%BAmeros_uno_de_Los_40_Principales_(Espa%C3%B1a)_2012
2012,14,7 de abril,Someone like You,['Adele'],https://es.wikipedia.org/wiki/Anexo:Los_n%C3%BAmeros_uno_de_Los_40_Principales_(Espa%C3%B1a)_2012
2012,15,14 de abril,Yo te esperaré,['Cali & el Dandee'],https://es.wikipedia.org/wiki/Anexo:Los_n%C3%BAmeros_uno_de_Los_40_Principales_(Espa%C3%B1a)_2012
2012,16,21 de abril,Yo te esperaré,['Cali & el Dandee'],https://es.wikipedia.org/wiki/Anexo:Los_n%C3%BAmeros_uno_de_Los_40_Principales_(Espa%C3%B1a)_2012
2012,17,28 de abril,Yo te esperaré,['Cali & el Dandee'],https://es.wikipedia.org/wiki/Anexo:Los_n%C3%BAmeros_uno_de_Los_40_Principales_(Espa%C3%B1a)_2012
2012,18,5 de mayo,Te he echado de menos,['Pablo Alborán'],https://es.wikipedia.org/wiki/Anexo:Los_n%C3%BAmeros_uno_de_Los_40_Principales_(Espa%C3%B1a)_2012
2012,19,12 de mayo,Someone like You,['Adele'],https://es.wikipedia.org/wiki/Anexo:Los_n%C3%BAmeros_uno_de_Los_40_Principales_(Espa%C3%B1a)_2012
2012,20,19 de mayo,Stronger (What Doesn't Kill You),['Kelly Clarkson'],https://es.wikipedia.org/wiki/Anexo:Los_n%C3%BAmeros_uno_de_Los_40_Principales_(Espa%C3%B1a)_2012
2012,21,26 de mayo,Yo te esperaré,['Cali & el Dandee'],https://es.wikipedia.org/wiki/Anexo:Los_n%C3%BAmeros_uno_de_Los_40_Principales_(Espa%C3%B1a)_2012
2012,22,2 de junio,Boys Will Be Boys,['Paulina Rubio'],https://es.wikipedia.org/wiki/Anexo:Los_n%C3%BAmeros_uno_de_Los_40_Principales_(Espa%C3%B1a)_2012
2012,23,9 de junio,Te he echado de menos,['Pablo Alborán'],https://es.wikipedia.org/wiki/Anexo:Los_n%C3%BAmeros_uno_de_Los_40_Principales_(Espa%C3%B1a)_2012
2012,24,16 de junio,Somebody That I Used to Know,"['Gotye', 'Kimbra']",https://es.wikipedia.org/wiki/Anexo:Los_n%C3%BAmeros_uno_de_Los_40_Principales_(Espa%C3%B1a)_2012
2012,25,23 de junio,Somebody That I Used to Know,"['Gotye', 'Kimbra']",https://es.wikipedia.org/wiki/Anexo:Los_n%C3%BAmeros_uno_de_Los_40_Principales_(Espa%C3%B1a)_2012
2012,26,30 de junio,Euphoria,['Loreen'],https://es.wikipedia.org/wiki/Anexo:Los_n%C3%BAmeros_uno_de_Los_40_Principales_(Espa%C3%B1a)_2012
2012,27,7 de julio,No hay 2 sin 3 (Gol),"['Cali & el Dandee', 'David Bisbal']",https://es.wikipedia.org/wiki/Anexo:Los_n%C3%BAmeros_uno_de_Los_40_Principales_(Espa%C3%B1a)_2012
2012,28,14 de julio,Call Me Maybe,['Carly Rae Jepsen'],https://es.wikipedia.org/wiki/Anexo:Los_n%C3%BAmeros_uno_de_Los_40_Principales_(Espa%C3%B1a)_2012
2012,29,21 de julio,Euphoria,['Loreen'],https://es.wikipedia.org/wiki/Anexo:Los_n%C3%BAmeros_uno_de_Los_40_Principales_(Espa%C3%B1a)_2012
2012,30,28 de julio,Payphone,"['Maroon 5', 'Wiz Khalifa']",https://es.wikipedia.org/wiki/Anexo:Los_n%C3%BAmeros_uno_de_Los_40_Principales_(Espa%C3%B1a)_2012
2012,31,4 de agosto,Dance Again,"['Jennifer Lopez', 'Pitbull']",https://es.wikipedia.org/wiki/Anexo:Los_n%C3%BAmeros_uno_de_Los_40_Principales_(Espa%C3%B1a)_2012
2012,32,11 de agosto,Tacata',['Tacabro'],https://es.wikipedia.org/wiki/Anexo:Los_n%C3%BAmeros_uno_de_Los_40_Principales_(Espa%C3%B1a)_2012
2012,33,18 de agosto,Rayos de sol,"['José de Rico', 'Henry Méndez']",https://es.wikipedia.org/wiki/Anexo:Los_n%C3%BAmeros_uno_de_Los_40_Principales_(Espa%C3%B1a)_2012
2012,34,25 de agosto,Call Me Maybe,['Carly Rae Jepsen'],https://es.wikipedia.org/wiki/Anexo:Los_n%C3%BAmeros_uno_de_Los_40_Principales_(Espa%C3%B1a)_2012
2012,35,1 de septiembre,We Are Young,"['Fun.', 'Janelle Monáe']",https://es.wikipedia.org/wiki/Anexo:Los_n%C3%BAmeros_uno_de_Los_40_Principales_(Espa%C3%B1a)_2012
2012,36,8 de septiembre,Drive By,['Train'],https://es.wikipedia.org/wiki/Anexo:Los_n%C3%BAmeros_uno_de_Los_40_Principales_(Espa%C3%B1a)_2012
2012,37,15 de septiembre,Whistle,['Flo Rida'],https://es.wikipedia.org/wiki/Anexo:Los_n%C3%BAmeros_uno_de_Los_40_Principales_(Espa%C3%B1a)_2012
2012,38,22 de septiembre,Pan y mantequilla,['Efecto Pasillo'],https://es.wikipedia.org/wiki/Anexo:Los_n%C3%BAmeros_uno_de_Los_40_Principales_(Espa%C3%B1a)_2012
2012,39,29 de septiembre,Call Me Maybe,['Carly Rae Jepsen'],https://es.wikipedia.org/wiki/Anexo:Los_n%C3%BAmeros_uno_de_Los_40_Principales_(Espa%C3%B1a)_2012
2012,40,6 de octubre,Whistle,['Flo Rida'],https://es.wikipedia.org/wiki/Anexo:Los_n%C3%BAmeros_uno_de_Los_40_Principales_(Espa%C3%B1a)_2012
2012,41,13 de octubre,Te voy a esperar,"['Juan Magán', 'Belinda']",https://es.wikipedia.org/wiki/Anexo:Los_n%C3%BAmeros_uno_de_Los_40_Principales_(Espa%C3%B1a)_2012
2012,42,20 de octubre,Te voy a esperar,"['Juan Magán', 'Belinda']",https://es.wikipedia.org/wiki/Anexo:Los_n%C3%BAmeros_uno_de_Los_40_Principales_(Espa%C3%B1a)_2012
2012,43,27 de octubre,Se vende,['Alejandro Sanz'],https://es.wikipedia.org/wiki/Anexo:Los_n%C3%BAmeros_uno_de_Los_40_Principales_(Espa%C3%B1a)_2012
2012,44,3 de noviembre,Tanto,['Pablo Alborán'],https://es.wikipedia.org/wiki/Anexo:Los_n%C3%BAmeros_uno_de_Los_40_Principales_(Espa%C3%B1a)_2012
2012,45,10 de noviembre,Tanto,['Pablo Alborán'],https://es.wikipedia.org/wiki/Anexo:Los_n%C3%BAmeros_uno_de_Los_40_Principales_(Espa%C3%B1a)_2012
2012,46,17 de noviembre,Set Fire to the Rain,['Adele'],https://es.wikipedia.org/wiki/Anexo:Los_n%C3%BAmeros_uno_de_Los_40_Principales_(Espa%C3%B1a)_2012
2012,47,24 de noviembre,Tanto,['Pablo Alborán'],https://es.wikipedia.org/wiki/Anexo:Los_n%C3%BAmeros_uno_de_Los_40_Principales_(Espa%C3%B1a)_2012
2012,48,1 de diciembre,Set Fire to the Rain,['Adele'],https://es.wikipedia.org/wiki/Anexo:Los_n%C3%BAmeros_uno_de_Los_40_Principales_(Espa%C3%B1a)_2012
2012,49,8 de diciembre,Diamonds,['Rihanna'],https://es.wikipedia.org/wiki/Anexo:Los_n%C3%BAmeros_uno_de_Los_40_Principales_(Espa%C3%B1a)_2012
2012,50,15 de diciembre,Diamonds,['Rihanna'],https://es.wikipedia.org/wiki/Anexo:Los_n%C3%BAmeros_uno_de_Los_40_Principales_(Espa%C3%B1a)_2012
2012,51,22 de diciembre,This Is Love,"['will.i.am', 'Eva Simons']",https://es.wikipedia.org/wiki/Anexo:Los_n%C3%BAmeros_uno_de_Los_40_Principales_(Espa%C3%B1a)_2012
2012,52,29 de diciembre,Gangnam Style,['PSY'],https://es.wikipedia.org/wiki/Anexo:Los_n%C3%BAmeros_uno_de_Los_40_Principales_(Espa%C3%B1a)_2012
2013,1,5 de enero,Gangnam Style,['PSY'],https://es.wikipedia.org/wiki/Anexo:Los_n%C3%BAmeros_uno_de_Los_40_Principales_(Espa%C3%B1a)_2013
2013,2,12 de enero,We Are Never Ever Getting Back Together,['Taylor Swift'],https://es.wikipedia.org/wiki/Anexo:Los_n%C3%BAmeros_uno_de_Los_40_Principales_(Espa%C3%B1a)_2013
2013,3,19 de enero,Girl On Fire,['Alicia Keys'],https://es.wikipedia.org/wiki/Anexo:Los_n%C3%BAmeros_uno_de_Los_40_Principales_(Espa%C3%B1a)_2013
2013,4,26 de enero,Die Young,['Kesha'],https://es.wikipedia.org/wiki/Anexo:Los_n%C3%BAmeros_uno_de_Los_40_Principales_(Espa%C3%B1a)_2013
2013,5,2 de febrero,Locked Out of Heaven,['Bruno Mars'],https://es.wikipedia.org/wiki/Anexo:Los_n%C3%BAmeros_uno_de_Los_40_Principales_(Espa%C3%B1a)_2013
2013,6,9 de febrero,Locked Out of Heaven,['Bruno Mars'],https://es.wikipedia.org/wiki/Anexo:Los_n%C3%BAmeros_uno_de_Los_40_Principales_(Espa%C3%B1a)_2013
2013,7,16 de febrero,Don't You Worry Child,"['Swedish House Mafia', 'John Martin']",https://es.wikipedia.org/wiki/Anexo:Los_n%C3%BAmeros_uno_de_Los_40_Principales_(Espa%C3%B1a)_2013
2013,8,23 de febrero,Lágrimas desordenadas,['Melendi'],https://es.wikipedia.org/wiki/Anexo:Los_n%C3%BAmeros_uno_de_Los_40_Principales_(Espa%C3%B1a)_2013
2013,9,2 de marzo,Scream & Shout,"['will.i.am', 'Britney Spears']",https://es.wikipedia.org/wiki/Anexo:Los_n%C3%BAmeros_uno_de_Los_40_Principales_(Espa%C3%B1a)_2013
2013,10,9 de marzo,Scream & Shout,"['will.i.am', 'Britney Spears']",https://es.wikipedia.org/wiki/Anexo:Los_n%C3%BAmeros_uno_de_Los_40_Principales_(Espa%C3%B1a)_2013
2013,11,16 de marzo,Locked Out of Heaven,['Bruno Mars'],https://es.wikipedia.org/wiki/Anexo:Los_n%C3%BAmeros_uno_de_Los_40_Principales_(Espa%C3%B1a)_2013
2013,12,23 de marzo,Try,['Pink'],https://es.wikipedia.org/wiki/Anexo:Los_n%C3%BAmeros_uno_de_Los_40_Principales_(Espa%C3%B1a)_2013
2013,13,30 de marzo,Hall of Fame,"['The Script', 'will.i.am']",https://es.wikipedia.org/wiki/Anexo:Los_n%C3%BAmeros_uno_de_Los_40_Principales_(Espa%C3%B1a)_2013
2013,14,6 de abril,Feel This Moment,"['Pitbull', 'Christina Aguilera']",https://es.wikipedia.org/wiki/Anexo:Los_n%C3%BAmeros_uno_de_Los_40_Principales_(Espa%C3%B1a)_2013
2013,15,13 de abril,Feel This Moment,"['Pitbull', 'Christina Aguilera']",https://es.wikipedia.org/wiki/Anexo:Los_n%C3%BAmeros_uno_de_Los_40_Principales_(Espa%C3%B1a)_2013
2013,16,20 de abril,No importa que llueva,['Efecto Pasillo'],https://es.wikipedia.org/wiki/Anexo:Los_n%C3%BAmeros_uno_de_Los_40_Principales_(Espa%C3%B1a)_2013
2013,17,27 de abril,Ho Hey,['The Lumineers'],https://es.wikipedia.org/wiki/Anexo:Los_n%C3%BAmeros_uno_de_Los_40_Principales_(Espa%C3%B1a)_2013
2013,18,4 de mayo,Feel This Moment,"['Pitbull', 'Christina Aguilera']",https://es.wikipedia.org/wiki/Anexo:Los_n%C3%BAmeros_uno_de_Los_40_Principales_(Espa%C3%B1a)_2013
2013,19,11 de mayo,Tu jardín con enanitos,['Melendi'],https://es.wikipedia.org/wiki/Anexo:Los_n%C3%BAmeros_uno_de_Los_40_Principales_(Espa%C3%B1a)_2013
2013,20,18 de mayo,Impossible,['James Arthur'],https://es.wikipedia.org/wiki/Anexo:Los_n%C3%BAmeros_uno_de_Los_40_Principales_(Espa%C3%B1a)_2013
2013,21,25 de mayo,Tu jardín con enanitos,['Melendi'],https://es.wikipedia.org/wiki/Anexo:Los_n%C3%BAmeros_uno_de_Los_40_Principales_(Espa%C3%B1a)_2013
2013,22,1 de junio,Heartbreaker,['Auryn'],https://es.wikipedia.org/wiki/Anexo:Los_n%C3%BAmeros_uno_de_Los_40_Principales_(Espa%C3%B1a)_2013
2013,23,8 de junio,Impossible,['James Arthur'],https://es.wikipedia.org/wiki/Anexo:Los_n%C3%BAmeros_uno_de_Los_40_Principales_(Espa%C3%B1a)_2013
2013,24,15 de junio,Thrift Shop,"['Macklemore & Ryan Lewis', 'Wanz']",https://es.wikipedia.org/wiki/Anexo:Los_n%C3%BAmeros_uno_de_Los_40_Principales_(Espa%C3%B1a)_2013
2013,25,22 de junio,Get Lucky,"['Daft Punk', 'Pharrell Williams', 'Nile Rodgers', 'Stevie Wonder']",https://es.wikipedia.org/wiki/Anexo:Los_n%C3%BAmeros_uno_de_Los_40_Principales_(Espa%C3%B1a)_2013
2013,26,29 de junio,Get Lucky,"['Daft Punk', 'Pharrell Williams', 'Nile Rodgers', 'Stevie Wonder']",https://es.wikipedia.org/wiki/Anexo:Los_n%C3%BAmeros_uno_de_Los_40_Principales_(Espa%C3%B1a)_2013
2013,27,6 de julio,I Could Be the One,"['Avicii', 'Nicky Romero']",https://es.wikipedia.org/wiki/Anexo:Los_n%C3%BAmeros_uno_de_Los_40_Principales_(Espa%C3%B1a)_2013
2013,28,13 de julio,Let Her Go,['Passenger'],https://es.wikipedia.org/wiki/Anexo:Los_n%C3%BAmeros_uno_de_Los_40_Principales_(Espa%C3%B1a)_2013
2013,29,20 de julio,Let Her Go,['Passenger'],https://es.wikipedia.org/wiki/Anexo:Los_n%C3%BAmeros_uno_de_Los_40_Principales_(Espa%C3%B1a)_2013
2013,30,27 de julio,More than Friends,"['Inna', 'Daddy Yankee']",https://es.wikipedia.org/wiki/Anexo:Los_n%C3%BAmeros_uno_de_Los_40_Principales_(Espa%C3%B1a)_2013
2013,31,3 de agosto,Cero,['Dani Martín'],https://es.wikipedia.org/wiki/Anexo:Los_n%C3%BAmeros_uno_de_Los_40_Principales_(Espa%C3%B1a)_2013
2013,32,10 de agosto,Chasing the Sun,['The Wanted'],https://es.wikipedia.org/wiki/Anexo:Los_n%C3%BAmeros_uno_de_Los_40_Principales_(Espa%C3%B1a)_2013
2013,33,17 de agosto,Blurred Lines,"['Robin Thicke', 'T.I.', 'Pharrell Williams']",https://es.wikipedia.org/wiki/Anexo:Los_n%C3%BAmeros_uno_de_Los_40_Principales_(Espa%C3%B1a)_2013
2013,34,24 de agosto,I Love It,"['Icona Pop', 'Charli XCX']",https://es.wikipedia.org/wiki/Anexo:Los_n%C3%BAmeros_uno_de_Los_40_Principales_(Espa%C3%B1a)_2013
2013,35,31 de agosto,Blurred Lines,"['Robin Thicke', 'T.I.', 'Pharrell Williams']",https://es.wikipedia.org/wiki/Anexo:Los_n%C3%BAmeros_uno_de_Los_40_Principales_(Espa%C3%B1a)_2013
2013,36,7 de septiembre,Blurred Lines,"['Robin Thicke', 'T.I.', 'Pharrell Williams']",https://es.wikipedia.org/wiki/Anexo:Los_n%C3%BAmeros_uno_de_Los_40_Principales_(Espa%C3%B1a)_2013
2013,37,14 de septiembre,Wake Me Up!,['Avicii'],https://es.wikipedia.org/wiki/Anexo:Los_n%C3%BAmeros_uno_de_Los_40_Principales_(Espa%C3%B1a)_2013
2013,38,21 de septiembre,Wake Me Up!,['Avicii'],https://es.wikipedia.org/wiki/Anexo:Los_n%C3%BAmeros_uno_de_Los_40_Principales_(Espa%C3%B1a)_2013
2013,39,28 de septiembre,La La La,"['Naughty Boy', 'Sam Smith']",https://es.wikipedia.org/wiki/Anexo:Los_n%C3%BAmeros_uno_de_Los_40_Principales_(Espa%C3%B1a)_2013
2013,40,5 de octubre,We Can't Stop,['Miley Cyrus'],https://es.wikipedia.org/wiki/Anexo:Los_n%C3%BAmeros_uno_de_Los_40_Principales_(Espa%C3%B1a)_2013
2013,41,12 de octubre,Can't Hold Us,"['Macklemore & Ryan Lewis', 'Ray Dalton']",https://es.wikipedia.org/wiki/Anexo:Los_n%C3%BAmeros_uno_de_Los_40_Principales_(Espa%C3%B1a)_2013
2013,42,19 de octubre,Love Me Again,['John Newman'],https://es.wikipedia.org/wiki/Anexo:Los_n%C3%BAmeros_uno_de_Los_40_Principales_(Espa%C3%B1a)_2013
2013,43,26 de octubre,Roar,['Katy Perry'],https://es.wikipedia.org/wiki/Anexo:Los_n%C3%BAmeros_uno_de_Los_40_Principales_(Espa%C3%B1a)_2013
2013,44,2 de noviembre,Love Me Again,['John Newman'],https://es.wikipedia.org/wiki/Anexo:Los_n%C3%BAmeros_uno_de_Los_40_Principales_(Espa%C3%B1a)_2013
2013,45,9 de noviembre,Wrecking Ball,['Miley Cyrus'],https://es.wikipedia.org/wiki/Anexo:Los_n%C3%BAmeros_uno_de_Los_40_Principales_(Espa%C3%B1a)_2013
2013,46,16 de noviembre,Wrecking Ball,['Miley Cyrus'],https://es.wikipedia.org/wiki/Anexo:Los_n%C3%BAmeros_uno_de_Los_40_Principales_(Espa%C3%B1a)_2013
2013,47,23 de noviembre,Burn,['Ellie Goulding'],https://es.wikipedia.org/wiki/Anexo:Los_n%C3%BAmeros_uno_de_Los_40_Principales_(Espa%C3%B1a)_2013
2013,48,30 de noviembre,Counting Stars,['OneRepublic'],https://es.wikipedia.org/wiki/Anexo:Los_n%C3%BAmeros_uno_de_Los_40_Principales_(Espa%C3%B1a)_2013
2013,49,7 de diciembre,Wrecking Ball,['Miley Cyrus'],https://es.wikipedia.org/wiki/Anexo:Los_n%C3%BAmeros_uno_de_Los_40_Principales_(Espa%C3%B1a)_2013
2013,50,14 de diciembre,Wrecking Ball,['Miley Cyrus'],https://es.wikipedia.org/wiki/Anexo:Los_n%C3%BAmeros_uno_de_Los_40_Principales_(Espa%C3%B1a)_2013
2013,51,21 de diciembre,Story of My Life,['One Direction'],https://es.wikipedia.org/wiki/Anexo:Los_n%C3%BAmeros_uno_de_Los_40_Principales_(Espa%C3%B1a)_2013
2013,52,28 de diciembre,Timber,"['Pitbull', 'Kesha']",https://es.wikipedia.org/wiki/Anexo:Los_n%C3%BAmeros_uno_de_Los_40_Principales_(Espa%C3%B1a)_2013
2014,1,4 de enero,A prueba de ti,['Malú'],https://es.wikipedia.org/wiki/Anexo:Los_n%C3%BAmeros_uno_de_Los_40_Principales_(Espa%C3%B1a)_2014
2014,2,11 de enero,Timber,"['Pitbull', 'Kesha']",https://es.wikipedia.org/wiki/Anexo:Los_n%C3%BAmeros_uno_de_Los_40_Principales_(Espa%C3%B1a)_2014
2014,3,18 de enero,The Monster,"['Eminem', 'Rihanna']",https://es.wikipedia.org/wiki/Anexo:Los_n%C3%BAmeros_uno_de_Los_40_Principales_(Espa%C3%B1a)_2014
2014,4,25 de enero,Talk Dirty,"['Jason Derulo', '2 Chainz']",https://es.wikipedia.org/wiki/Anexo:Los_n%C3%BAmeros_uno_de_Los_40_Principales_(Espa%C3%B1a)_2014
2014,5,1 de febrero,Hey Brother,['Avicii'],https://es.wikipedia.org/wiki/Anexo:Los_n%C3%BAmeros_uno_de_Los_40_Principales_(Espa%C3%B1a)_2014
2014,6,8 de febrero,Hey Brother,['Avicii'],https://es.wikipedia.org/wiki/Anexo:Los_n%C3%BAmeros_uno_de_Los_40_Principales_(Espa%C3%B1a)_2014
2014,7,15 de febrero,Llegará,['Antonio Orozco'],https://es.wikipedia.org/wiki/Anexo:Los_n%C3%BAmeros_uno_de_Los_40_Principales_(Espa%C3%B1a)_2014
2014,8,22 de febrero,Royals,['Lorde'],https://es.wikipedia.org/wiki/Anexo:Los_n%C3%BAmeros_uno_de_Los_40_Principales_(Espa%C3%B1a)_2014
2014,9,1 de marzo,Happy,['Pharrell Williams'],https://es.wikipedia.org/wiki/Anexo:Los_n%C3%BAmeros_uno_de_Los_40_Principales_(Espa%C3%B1a)_2014
2014,10,8 de marzo,Happy,['Pharrell Williams'],https://es.wikipedia.org/wiki/Anexo:Los_n%C3%BAmeros_uno_de_Los_40_Principales_(Espa%C3%B1a)_2014
2014,11,15 de marzo,Happy,['Pharrell Williams'],https://es.wikipedia.org/wiki/Anexo:Los_n%C3%BAmeros_uno_de_Los_40_Principales_(Espa%C3%B1a)_2014
2014,12,22 de marzo,Can't Remember to Forget You,"['Shakira', 'Rihanna']",https://es.wikipedia.org/wiki/Anexo:Los_n%C3%BAmeros_uno_de_Los_40_Principales_(Espa%C3%B1a)_2014
2014,13,29 de marzo,Diez mil maneras,['David Bisbal'],https://es.wikipedia.org/wiki/Anexo:Los_n%C3%BAmeros_uno_de_Los_40_Principales_(Espa%C3%B1a)_2014
2014,14,5 de abril,Happy,['Pharrell Williams'],https://es.wikipedia.org/wiki/Anexo:Los_n%C3%BAmeros_uno_de_Los_40_Principales_(Espa%C3%B1a)_2014
2014,15,12 de abril,Terriblemente cruel,['Leiva'],https://es.wikipedia.org/wiki/Anexo:Los_n%C3%BAmeros_uno_de_Los_40_Principales_(Espa%C3%B1a)_2014
2014,16,19 de abril,Dark Horse,"['Katy Perry', 'Juicy J']",https://es.wikipedia.org/wiki/Anexo:Los_n%C3%BAmeros_uno_de_Los_40_Principales_(Espa%C3%B1a)_2014
2014,17,26 de abril,Wings,['Birdy'],https://es.wikipedia.org/wiki/Anexo:Los_n%C3%BAmeros_uno_de_Los_40_Principales_(Espa%C3%B1a)_2014
2014,18,3 de mayo,Dark Horse,"['Katy Perry', 'Juicy J']",https://es.wikipedia.org/wiki/Anexo:Los_n%C3%BAmeros_uno_de_Los_40_Principales_(Espa%C3%B1a)_2014
2014,19,10 de mayo,Changes,"['FAUL & Wad Ad', 'Pnau']",https://es.wikipedia.org/wiki/Anexo:Los_n%C3%BAmeros_uno_de_Los_40_Principales_(Espa%C3%B1a)_2014
2014,20,17 de mayo,Changes,"['FAUL & Wad Ad', 'Pnau']",https://es.wikipedia.org/wiki/Anexo:Los_n%C3%BAmeros_uno_de_Los_40_Principales_(Espa%C3%B1a)_2014
2014,21,24 de mayo,Trumpets,['Jason Derulo'],https://es.wikipedia.org/wiki/Anexo:Los_n%C3%BAmeros_uno_de_Los_40_Principales_(Espa%C3%B1a)_2014
2014,22,31 de mayo,Bailando,"['Enrique Iglesias', 'Sean Paul', 'Gente de Zona', 'Descemer Bueno']",https://es.wikipedia.org/wiki/Anexo:Los_n%C3%BAmeros_uno_de_Los_40_Principales_(Espa%C3%B1a)_2014
2014,23,7 de junio,Bailando,"['Enrique Iglesias', 'Sean Paul', 'Gente de Zona', 'Descemer Bueno']",https://es.wikipedia.org/wiki/Anexo:Los_n%C3%BAmeros_uno_de_Los_40_Principales_(Espa%C3%B1a)_2014
2014,24,14 de junio,Dare (La La La),['Shakira'],https://es.wikipedia.org/wiki/Anexo:Los_n%C3%BAmeros_uno_de_Los_40_Principales_(Espa%C3%B1a)_2014
2014,25,21 de junio,We Are One (Ole Ola),"['Pitbull', 'Jennifer Lopez', 'Claudia Leitte']",https://es.wikipedia.org/wiki/Anexo:Los_n%C3%BAmeros_uno_de_Los_40_Principales_(Espa%C3%B1a)_2014
2014,26,28 de junio,All of Me,['John Legend'],https://es.wikipedia.org/wiki/Anexo:Los_n%C3%BAmeros_uno_de_Los_40_Principales_(Espa%C3%B1a)_2014
2014,27,5 de julio,Bailando,"['Enrique Iglesias', 'Sean Paul', 'Gente de Zona', 'Descemer Bueno']",https://es.wikipedia.org/wiki/Anexo:Los_n%C3%BAmeros_uno_de_Los_40_Principales_(Espa%C3%B1a)_2014
2014,28,12 de julio,Human,['Christina Perri'],https://es.wikipedia.org/wiki/Anexo:Los_n%C3%BAmeros_uno_de_Los_40_Principales_(Espa%C3%B1a)_2014
2014,29,19 de julio,Cola Song,"['Inna', 'J Balvin']",https://es.wikipedia.org/wiki/Anexo:Los_n%C3%BAmeros_uno_de_Los_40_Principales_(Espa%C3%B1a)_2014
2014,30,26 de julio,Stolen Dance,['Milky Chance'],https://es.wikipedia.org/wiki/Anexo:Los_n%C3%BAmeros_uno_de_Los_40_Principales_(Espa%C3%B1a)_2014
2014,31,2 de agosto,No amanece,['David Bisbal'],https://es.wikipedia.org/wiki/Anexo:Los_n%C3%BAmeros_uno_de_Los_40_Principales_(Espa%C3%B1a)_2014
2014,32,9 de agosto,Summer,['Calvin Harris'],https://es.wikipedia.org/wiki/Anexo:Los_n%C3%BAmeros_uno_de_Los_40_Principales_(Espa%C3%B1a)_2014
2014,33,16 de agosto,Am I Wrong,['Nico & Vinz'],https://es.wikipedia.org/wiki/Anexo:Los_n%C3%BAmeros_uno_de_Los_40_Principales_(Espa%C3%B1a)_2014
2014,34,23 de agosto,Am I Wrong,['Nico & Vinz'],https://es.wikipedia.org/wiki/Anexo:Los_n%C3%BAmeros_uno_de_Los_40_Principales_(Espa%C3%B1a)_2014
2014,35,30 de agosto,Waves,"['Mr. Probz', 'Robin Schulz']",https://es.wikipedia.org/wiki/Anexo:Los_n%C3%BAmeros_uno_de_Los_40_Principales_(Espa%C3%B1a)_2014
2014,36,6 de septiembre,Problem,['Ariana Grande'],https://es.wikipedia.org/wiki/Anexo:Los_n%C3%BAmeros_uno_de_Los_40_Principales_(Espa%C3%B1a)_2014
2014,37,13 de septiembre,Lovers on the Sun,"['David Guetta', 'Sam Martin']",https://es.wikipedia.org/wiki/Anexo:Los_n%C3%BAmeros_uno_de_Los_40_Principales_(Espa%C3%B1a)_2014
2014,38,20 de septiembre,Wiggle,['Jason Derulo'],https://es.wikipedia.org/wiki/Anexo:Los_n%C3%BAmeros_uno_de_Los_40_Principales_(Espa%C3%B1a)_2014
2014,39,27 de septiembre,Rude,['Magic!'],https://es.wikipedia.org/wiki/Anexo:Los_n%C3%BAmeros_uno_de_Los_40_Principales_(Espa%C3%B1a)_2014
2014,40,4 de octubre,Puppeteer,['Auryn'],https://es.wikipedia.org/wiki/Anexo:Los_n%C3%BAmeros_uno_de_Los_40_Principales_(Espa%C3%B1a)_2014
2014,41,11 de octubre,Rude,['Magic!'],https://es.wikipedia.org/wiki/Anexo:Los_n%C3%BAmeros_uno_de_Los_40_Principales_(Espa%C3%B1a)_2014
2014,42,18 de octubre,Prayer in C,"['Lilly Wood and the Prick', 'Robin Schulz']",https://es.wikipedia.org/wiki/Anexo:Los_n%C3%BAmeros_uno_de_Los_40_Principales_(Espa%C3%B1a)_2014
2014,43,25 de octubre,All About That Bass,['Meghan Trainor'],https://es.wikipedia.org/wiki/Anexo:Los_n%C3%BAmeros_uno_de_Los_40_Principales_(Espa%C3%B1a)_2014
2014,44,1 de noviembre,All About That Bass,['Meghan Trainor'],https://es.wikipedia.org/wiki/Anexo:Los_n%C3%BAmeros_uno_de_Los_40_Principales_(Espa%C3%B1a)_2014
2014,45,8 de noviembre,Chandelier,['Sia'],https://es.wikipedia.org/wiki/Anexo:Los_n%C3%BAmeros_uno_de_Los_40_Principales_(Espa%C3%B1a)_2014
2014,46,15 de noviembre,Shake it Off,['Taylor Swift'],https://es.wikipedia.org/wiki/Anexo:Los_n%C3%BAmeros_uno_de_Los_40_Principales_(Espa%C3%B1a)_2014
2014,47,22 de noviembre,Chandelier,['Sia'],https://es.wikipedia.org/wiki/Anexo:Los_n%C3%BAmeros_uno_de_Los_40_Principales_(Espa%C3%B1a)_2014
2014,48,29 de noviembre,Blame,"['Calvin Harris', 'John Newman']",https://es.wikipedia.org/wiki/Anexo:Los_n%C3%BAmeros_uno_de_Los_40_Principales_(Espa%C3%B1a)_2014
2014,49,6 de diciembre,All About That Bass,['Meghan Trainor'],https://es.wikipedia.org/wiki/Anexo:Los_n%C3%BAmeros_uno_de_Los_40_Principales_(Espa%C3%B1a)_2014
2014,50,13 de diciembre,Dangerous,"['David Guetta', 'Sam Martin']",https://es.wikipedia.org/wiki/Anexo:Los_n%C3%BAmeros_uno_de_Los_40_Principales_(Espa%C3%B1a)_2014
2014,51,20 de diciembre,Dangerous,"['David Guetta', 'Sam Martin']",https://es.wikipedia.org/wiki/Anexo:Los_n%C3%BAmeros_uno_de_Los_40_Principales_(Espa%C3%B1a)_2014
2014,52,27 de diciembre,Tocado y hundido,['Melendi'],https://es.wikipedia.org/wiki/Anexo:Los_n%C3%BAmeros_uno_de_Los_40_Principales_(Espa%C3%B1a)_2014
2015,1,3 de enero,Stay with Me,['Sam Smith'],https://es.wikipedia.org/wiki/Anexo:Los_n%C3%BAmeros_uno_de_Los_40_Principales_(Espa%C3%B1a)_2015
2015,2,10 de enero,People Help the People,['Birdy'],https://es.wikipedia.org/wiki/Anexo:Los_n%C3%BAmeros_uno_de_Los_40_Principales_(Espa%C3%B1a)_2015
2015,3,17 de enero,Tocado y hundido,['Melendi'],https://es.wikipedia.org/wiki/Anexo:Los_n%C3%BAmeros_uno_de_Los_40_Principales_(Espa%C3%B1a)_2015
2015,4,24 de enero,Uptown Funk,"['Mark Ronson', 'Bruno Mars']",https://es.wikipedia.org/wiki/Anexo:Los_n%C3%BAmeros_uno_de_Los_40_Principales_(Espa%C3%B1a)_2015
2015,5,31 de enero,Uptown Funk,"['Mark Ronson', 'Bruno Mars']",https://es.wikipedia.org/wiki/Anexo:Los_n%C3%BAmeros_uno_de_Los_40_Principales_(Espa%C3%B1a)_2015
2015,6,7 de febrero,Uptown Funk,"['Mark Ronson', 'Bruno Mars']",https://es.wikipedia.org/wiki/Anexo:Los_n%C3%BAmeros_uno_de_Los_40_Principales_(Espa%C3%B1a)_2015
2015,7,14 de febrero,Thinking Out Loud,['Ed Sheeran'],https://es.wikipedia.org/wiki/Anexo:Los_n%C3%BAmeros_uno_de_Los_40_Principales_(Espa%C3%B1a)_2015
2015,8,21 de febrero,Thinking Out Loud,['Ed Sheeran'],https://es.wikipedia.org/wiki/Anexo:Los_n%C3%BAmeros_uno_de_Los_40_Principales_(Espa%C3%B1a)_2015
2015,9,28 de febrero,Animals,['Maroon 5'],https://es.wikipedia.org/wiki/Anexo:Los_n%C3%BAmeros_uno_de_Los_40_Principales_(Espa%C3%B1a)_2015
2015,10,7 de marzo,Take Me to Church,['Hozier'],https://es.wikipedia.org/wiki/Anexo:Los_n%C3%BAmeros_uno_de_Los_40_Principales_(Espa%C3%B1a)_2015
2015,11,14 de marzo,Love Me Like You Do,['Ellie Goulding'],https://es.wikipedia.org/wiki/Anexo:Los_n%C3%BAmeros_uno_de_Los_40_Principales_(Espa%C3%B1a)_2015
2015,12,21 de marzo,Love Me Like You Do,['Ellie Goulding'],https://es.wikipedia.org/wiki/Anexo:Los_n%C3%BAmeros_uno_de_Los_40_Principales_(Espa%C3%B1a)_2015
2015,13,28 de marzo,Love Me Like You Do,['Ellie Goulding'],https://es.wikipedia.org/wiki/Anexo:Los_n%C3%BAmeros_uno_de_Los_40_Principales_(Espa%C3%B1a)_2015
2015,14,4 de abril,Outside,"['Calvin Harris', 'Ellie Goulding']",https://es.wikipedia.org/wiki/Anexo:Los_n%C3%BAmeros_uno_de_Los_40_Principales_(Espa%C3%B1a)_2015
2015,15,11 de abril,Elastic Heart,['Sia'],https://es.wikipedia.org/wiki/Anexo:Los_n%C3%BAmeros_uno_de_Los_40_Principales_(Espa%C3%B1a)_2015
2015,16,18 de abril,The Nights,['Avicii'],https://es.wikipedia.org/wiki/Anexo:Los_n%C3%BAmeros_uno_de_Los_40_Principales_(Espa%C3%B1a)_2015
2015,17,25 de abril,FourFiveSeconds,"['Kanye West', 'Paul McCartney', 'Rihanna']",https://es.wikipedia.org/wiki/Anexo:Los_n%C3%BAmeros_uno_de_Los_40_Principales_(Espa%C3%B1a)_2015
2015,18,2 de mayo,I'm an Albatraoz,['AronChupa'],https://es.wikipedia.org/wiki/Anexo:Los_n%C3%BAmeros_uno_de_Los_40_Principales_(Espa%C3%B1a)_2015
2015,19,9 de mayo,Un zombie a la intemperie,['Alejandro Sanz'],https://es.wikipedia.org/wiki/Anexo:Los_n%C3%BAmeros_uno_de_Los_40_Principales_(Espa%C3%B1a)_2015
2015,20,16 de mayo,Cheerleader,"['Omi', 'Felix Jaehn']",https://es.wikipedia.org/wiki/Anexo:Los_n%C3%BAmeros_uno_de_Los_40_Principales_(Espa%C3%B1a)_2015
2015,21,23 de mayo,Cheerleader,"['Omi', 'Felix Jaehn']",https://es.wikipedia.org/wiki/Anexo:Los_n%C3%BAmeros_uno_de_Los_40_Principales_(Espa%C3%B1a)_2015
2015,22,30 de mayo,El perdón,"['Nicky Jam', 'Enrique Iglesias']",https://es.wikipedia.org/wiki/Anexo:Los_n%C3%BAmeros_uno_de_Los_40_Principales_(Espa%C3%B1a)_2015
2015,23,6 de junio,See You Again,"['Wiz Khalifa', 'Charlie Puth']",https://es.wikipedia.org/wiki/Anexo:Los_n%C3%BAmeros_uno_de_Los_40_Principales_(Espa%C3%B1a)_2015
2015,24,13 de junio,Lean On,"['DJ Snake', 'Major Lazer', 'MØ']",https://es.wikipedia.org/wiki/Anexo:Los_n%C3%BAmeros_uno_de_Los_40_Principales_(Espa%C3%B1a)_2015
2015,25,20 de junio,Lean On,"['DJ Snake', 'Major Lazer', 'MØ']",https://es.wikipedia.org/wiki/Anexo:Los_n%C3%BAmeros_uno_de_Los_40_Principales_(Espa%C3%B1a)_2015
2015,26,27 de junio,Want to Want Me,['Jason Derulo'],https://es.wikipedia.org/wiki/Anexo:Los_n%C3%BAmeros_uno_de_Los_40_Principales_(Espa%C3%B1a)_2015
2015,27,4 de julio,Él no te da,['Dasoul'],https://es.wikipedia.org/wiki/Anexo:Los_n%C3%BAmeros_uno_de_Los_40_Principales_(Espa%C3%B1a)_2015
2015,28,11 de julio,Are You With Me?,['Lost Frequencies'],https://es.wikipedia.org/wiki/Anexo:Los_n%C3%BAmeros_uno_de_Los_40_Principales_(Espa%C3%B1a)_2015
2015,29,18 de julio,Are You With Me?,['Lost Frequencies'],https://es.wikipedia.org/wiki/Anexo:Los_n%C3%BAmeros_uno_de_Los_40_Principales_(Espa%C3%B1a)_2015
2015,30,25 de julio,Heroes,['Måns Zelmerlöw'],https://es.wikipedia.org/wiki/Anexo:Los_n%C3%BAmeros_uno_de_Los_40_Principales_(Espa%C3%B1a)_2015
2015,31,1 de agosto,Five More Hours,"['Deorro', 'Chris Brown']",https://es.wikipedia.org/wiki/Anexo:Los_n%C3%BAmeros_uno_de_Los_40_Principales_(Espa%C3%B1a)_2015
2015,32,8 de agosto,I Really Like You,['Carly Rae Jepsen'],https://es.wikipedia.org/wiki/Anexo:Los_n%C3%BAmeros_uno_de_Los_40_Principales_(Espa%C3%B1a)_2015
2015,33,15 de agosto,Hey Mama,"['David Guetta', 'Nicki Minaj', ' Bebe Rexha', 'Afrojack']",https://es.wikipedia.org/wiki/Anexo:Los_n%C3%BAmeros_uno_de_Los_40_Principales_(Espa%C3%B1a)_2015
2015,34,22 de agosto,La gozadera,"['Gente de Zona', 'Marc Anthony']",https://es.wikipedia.org/wiki/Anexo:Los_n%C3%BAmeros_uno_de_Los_40_Principales_(Espa%C3%B1a)_2015
2015,35,29 de agosto,Don't Worry,"['Madcon', 'Ray Dalton']",https://es.wikipedia.org/wiki/Anexo:Los_n%C3%BAmeros_uno_de_Los_40_Principales_(Espa%C3%B1a)_2015
2015,36,5 de septiembre,Don't Worry,"['Madcon', 'Ray Dalton']",https://es.wikipedia.org/wiki/Anexo:Los_n%C3%BAmeros_uno_de_Los_40_Principales_(Espa%C3%B1a)_2015
2015,37,12 de septiembre,Lean On,"['DJ Snake', 'Major Lazer', 'MØ']",https://es.wikipedia.org/wiki/Anexo:Los_n%C3%BAmeros_uno_de_Los_40_Principales_(Espa%C3%B1a)_2015
2015,38,19 de septiembre,La gozadera,"['Gente de Zona', 'Marc Anthony']",https://es.wikipedia.org/wiki/Anexo:Los_n%C3%BAmeros_uno_de_Los_40_Principales_(Espa%C3%B1a)_2015
2015,39,26 de septiembre,"I Don't Like It, I Love It","['Flo Rida', 'Robin Thicke', 'Verdine White']",https://es.wikipedia.org/wiki/Anexo:Los_n%C3%BAmeros_uno_de_Los_40_Principales_(Espa%C3%B1a)_2015
2015,40,3 de octubre,Stole the Show,"['Kygo', 'Parson James']",https://es.wikipedia.org/wiki/Anexo:Los_n%C3%BAmeros_uno_de_Los_40_Principales_(Espa%C3%B1a)_2015
2015,41,10 de octubre,Ain't Nobody (Loves Me Better),"['Felix Jaehn', 'Jasmine Thompson']",https://es.wikipedia.org/wiki/Anexo:Los_n%C3%BAmeros_uno_de_Los_40_Principales_(Espa%C3%B1a)_2015
2015,42,17 de octubre,A que no me dejas,['Alejandro Sanz'],https://es.wikipedia.org/wiki/Anexo:Los_n%C3%BAmeros_uno_de_Los_40_Principales_(Espa%C3%B1a)_2015
2015,43,24 de octubre,Vuelve,"['Juan Magán', 'Paulina Rubio', 'DCS']",https://es.wikipedia.org/wiki/Anexo:Los_n%C3%BAmeros_uno_de_Los_40_Principales_(Espa%C3%B1a)_2015
2015,44,31 de octubre,Marvin Gaye,"['Charlie Puth', 'Meghan Trainor']",https://es.wikipedia.org/wiki/Anexo:Los_n%C3%BAmeros_uno_de_Los_40_Principales_(Espa%C3%B1a)_2015
2015,45,7 de noviembre,What Do You Mean?,['Justin Bieber'],https://es.wikipedia.org/wiki/Anexo:Los_n%C3%BAmeros_uno_de_Los_40_Principales_(Espa%C3%B1a)_2015
2015,46,14 de noviembre,Hello,['Adele'],https://es.wikipedia.org/wiki/Anexo:Los_n%C3%BAmeros_uno_de_Los_40_Principales_(Espa%C3%B1a)_2015
2015,47,21 de noviembre,Hello,['Adele'],https://es.wikipedia.org/wiki/Anexo:Los_n%C3%BAmeros_uno_de_Los_40_Principales_(Espa%C3%B1a)_2015
2015,48,28 de noviembre,Hello,['Adele'],https://es.wikipedia.org/wiki/Anexo:Los_n%C3%BAmeros_uno_de_Los_40_Principales_(Espa%C3%B1a)_2015
2015,49,5 de diciembre,Locked Away,"['R. City', 'Adam Levine']",https://es.wikipedia.org/wiki/Anexo:Los_n%C3%BAmeros_uno_de_Los_40_Principales_(Espa%C3%B1a)_2015
2015,50,12 de diciembre,El mismo sol (Under the Same Sun),"['Álvaro Soler', 'Jennifer Lopez']",https://es.wikipedia.org/wiki/Anexo:Los_n%C3%BAmeros_uno_de_Los_40_Principales_(Espa%C3%B1a)_2015
2015,51,19 de diciembre,Sorry,['Justin Bieber'],https://es.wikipedia.org/wiki/Anexo:Los_n%C3%BAmeros_uno_de_Los_40_Principales_(Espa%C3%B1a)_2015
2015,52,26 de diciembre,Ginza,['J Balvin'],https://es.wikipedia.org/wiki/Anexo:Los_n%C3%BAmeros_uno_de_Los_40_Principales_(Espa%C3%B1a)_2015
2016,1,2 de enero,Sorry,['Justin Bieber'],https://es.wikipedia.org/wiki/Anexo:Los_n%C3%BAmeros_uno_de_LOS40_(Espa%C3%B1a)_2016
2016,2,9 de enero,Adventure of a Lifetime,['Coldplay'],https://es.wikipedia.org/wiki/Anexo:Los_n%C3%BAmeros_uno_de_LOS40_(Espa%C3%B1a)_2016
2016,3,16 de enero,Tu enemigo,"['Pablo López', 'Juanes']",https://es.wikipedia.org/wiki/Anexo:Los_n%C3%BAmeros_uno_de_LOS40_(Espa%C3%B1a)_2016
2016,4,23 de enero,Sorry,['Justin Bieber'],https://es.wikipedia.org/wiki/Anexo:Los_n%C3%BAmeros_uno_de_LOS40_(Espa%C3%B1a)_2016
2016,5,30 de enero,Hundred miles,"['YALL', 'Gabriela Richardson ']",https://es.wikipedia.org/wiki/Anexo:Los_n%C3%BAmeros_uno_de_LOS40_(Espa%C3%B1a)_2016
2016,6,6 de febrero,Stitches,['Shawn Mendes'],https://es.wikipedia.org/wiki/Anexo:Los_n%C3%BAmeros_uno_de_LOS40_(Espa%C3%B1a)_2016
2016,7,13 de febrero,Love Yourself,['Justin Bieber'],https://es.wikipedia.org/wiki/Anexo:Los_n%C3%BAmeros_uno_de_LOS40_(Espa%C3%B1a)_2016
2016,8,20 de febrero,Love Yourself,['Justin Bieber'],https://es.wikipedia.org/wiki/Anexo:Los_n%C3%BAmeros_uno_de_LOS40_(Espa%C3%B1a)_2016
2016,9,27 de febrero,Light It Up,"['Major Lazer', 'Fuse ODG', 'NYLA']",https://es.wikipedia.org/wiki/Anexo:Los_n%C3%BAmeros_uno_de_LOS40_(Espa%C3%B1a)_2016
2016,10,5 de marzo,Work,"['Rihanna', 'Drake']",https://es.wikipedia.org/wiki/Anexo:Los_n%C3%BAmeros_uno_de_LOS40_(Espa%C3%B1a)_2016
2016,11,12 de marzo,Work,"['Rihanna', 'Drake']",https://es.wikipedia.org/wiki/Anexo:Los_n%C3%BAmeros_uno_de_LOS40_(Espa%C3%B1a)_2016
2016,12,19 de marzo,Lush Life,['Zara Larsson'],https://es.wikipedia.org/wiki/Anexo:Los_n%C3%BAmeros_uno_de_LOS40_(Espa%C3%B1a)_2016
2016,13,26 de marzo,Faded,"['Alan Walker', 'Iselin Solheim']",https://es.wikipedia.org/wiki/Anexo:Los_n%C3%BAmeros_uno_de_LOS40_(Espa%C3%B1a)_2016
2016,14,2 de abril,Faded,"['Alan Walker', 'Iselin Solheim']",https://es.wikipedia.org/wiki/Anexo:Los_n%C3%BAmeros_uno_de_LOS40_(Espa%C3%B1a)_2016
2016,15,9 de abril,7 Years,['Lukas Graham'],https://es.wikipedia.org/wiki/Anexo:Los_n%C3%BAmeros_uno_de_LOS40_(Espa%C3%B1a)_2016
2016,16,16 de abril,Catch & Release,"['Matt Simons', 'Deepend']",https://es.wikipedia.org/wiki/Anexo:Los_n%C3%BAmeros_uno_de_LOS40_(Espa%C3%B1a)_2016
2016,17,23 de abril,Stressed Out,['Twenty One Pilots'],https://es.wikipedia.org/wiki/Anexo:Los_n%C3%BAmeros_uno_de_LOS40_(Espa%C3%B1a)_2016
2016,18,30 de abril,Cheap Thrills,"['Sia', 'Sean Paul']",https://es.wikipedia.org/wiki/Anexo:Los_n%C3%BAmeros_uno_de_LOS40_(Espa%C3%B1a)_2016
2016,19,7 de mayo,Cheap Thrills,"['Sia', 'Sean Paul']",https://es.wikipedia.org/wiki/Anexo:Los_n%C3%BAmeros_uno_de_LOS40_(Espa%C3%B1a)_2016
2016,20,14 de mayo,Duele el corazón,"['Enrique Iglesias', 'Wisin']",https://es.wikipedia.org/wiki/Anexo:Los_n%C3%BAmeros_uno_de_LOS40_(Espa%C3%B1a)_2016
2016,21,21 de mayo,Duele el corazón,"['Enrique Iglesias', 'Wisin']",https://es.wikipedia.org/wiki/Anexo:Los_n%C3%BAmeros_uno_de_LOS40_(Espa%C3%B1a)_2016
2016,22,28 de mayo,No,['Meghan Trainor'],https://es.wikipedia.org/wiki/Anexo:Los_n%C3%BAmeros_uno_de_LOS40_(Espa%C3%B1a)_2016
2016,23,4 de junio,I Took a Pill in Ibiza,"['Mike Posner', 'SeeB']",https://es.wikipedia.org/wiki/Anexo:Los_n%C3%BAmeros_uno_de_LOS40_(Espa%C3%B1a)_2016
2016,24,11 de junio,One Dance,"['Drake', 'Kyla', 'Wizkid']",https://es.wikipedia.org/wiki/Anexo:Los_n%C3%BAmeros_uno_de_LOS40_(Espa%C3%B1a)_2016
2016,25,18 de junio,One Dance,"['Drake', 'Kyla', 'Wizkid']",https://es.wikipedia.org/wiki/Anexo:Los_n%C3%BAmeros_uno_de_LOS40_(Espa%C3%B1a)_2016
2016,26,25 de junio,Can't Stop the Feeling!,['Justin Timberlake'],https://es.wikipedia.org/wiki/Anexo:Los_n%C3%BAmeros_uno_de_LOS40_(Espa%C3%B1a)_2016
2016,27,2 de julio,One Dance,"['Drake', 'Kyla', 'Wizkid']",https://es.wikipedia.org/wiki/Anexo:Los_n%C3%BAmeros_uno_de_LOS40_(Espa%C3%B1a)_2016
2016,28,9 de julio,Can't Stop the Feeling!,['Justin Timberlake'],https://es.wikipedia.org/wiki/Anexo:Los_n%C3%BAmeros_uno_de_LOS40_(Espa%C3%B1a)_2016
2016,29,16 de julio,Can't Stop the Feeling!,['Justin Timberlake'],https://es.wikipedia.org/wiki/Anexo:Los_n%C3%BAmeros_uno_de_LOS40_(Espa%C3%B1a)_2016
2016,30,23 de julio,Ain't Your Mama,['Jennifer Lopez'],https://es.wikipedia.org/wiki/Anexo:Los_n%C3%BAmeros_uno_de_LOS40_(Espa%C3%B1a)_2016
2016,31,30 de julio,Don't Let Me Down,"['The Chainsmokers', 'Daya']",https://es.wikipedia.org/wiki/Anexo:Los_n%C3%BAmeros_uno_de_LOS40_(Espa%C3%B1a)_2016
2016,32,6 de agosto,Cómo te atreves,['Morat'],https://es.wikipedia.org/wiki/Anexo:Los_n%C3%BAmeros_uno_de_LOS40_(Espa%C3%B1a)_2016
2016,33,13 de agosto,This Girl,"['Kungs', 'Cookin’ on 3 Burners']",https://es.wikipedia.org/wiki/Anexo:Los_n%C3%BAmeros_uno_de_LOS40_(Espa%C3%B1a)_2016
2016,34,20 de agosto,This Girl,"['Kungs', 'Cookin’ on 3 Burners']",https://es.wikipedia.org/wiki/Anexo:Los_n%C3%BAmeros_uno_de_LOS40_(Espa%C3%B1a)_2016
2016,35,27 de agosto,La bicicleta,"['Carlos Vives', 'Shakira']",https://es.wikipedia.org/wiki/Anexo:Los_n%C3%BAmeros_uno_de_LOS40_(Espa%C3%B1a)_2016
2016,36,3 de septiembre,La bicicleta,"['Carlos Vives', 'Shakira']",https://es.wikipedia.org/wiki/Anexo:Los_n%C3%BAmeros_uno_de_LOS40_(Espa%C3%B1a)_2016
2016,37,10 de septiembre,Cold Water,"['Major Lazer', 'Justin Bieber', 'MØ']",https://es.wikipedia.org/wiki/Anexo:Los_n%C3%BAmeros_uno_de_LOS40_(Espa%C3%B1a)_2016
2016,38,17 de septiembre,We Don't Talk Anymore,"['Charlie Puth', 'Selena Gomez']",https://es.wikipedia.org/wiki/Anexo:Los_n%C3%BAmeros_uno_de_LOS40_(Espa%C3%B1a)_2016
2016,39,24 de septiembre,Closer,"['The Chainsmokers', 'Halsey']",https://es.wikipedia.org/wiki/Anexo:Los_n%C3%BAmeros_uno_de_LOS40_(Espa%C3%B1a)_2016
2016,40,1 de octubre,Ride,['Twenty One Pilots'],https://es.wikipedia.org/wiki/Anexo:Los_n%C3%BAmeros_uno_de_LOS40_(Espa%C3%B1a)_2016
2016,41,8 de octubre,Let Me Love You,"['DJ Snake', 'Justin Bieber']",https://es.wikipedia.org/wiki/Anexo:Los_n%C3%BAmeros_uno_de_LOS40_(Espa%C3%B1a)_2016
2016,42,15 de octubre,Borró cassette,['Maluma'],https://es.wikipedia.org/wiki/Anexo:Los_n%C3%BAmeros_uno_de_LOS40_(Espa%C3%B1a)_2016
2016,43,22 de octubre,24K Magic,['Bruno Mars'],https://es.wikipedia.org/wiki/Anexo:Los_n%C3%BAmeros_uno_de_LOS40_(Espa%C3%B1a)_2016
2016,44,29 de octubre,Sincericidio,['Leiva'],https://es.wikipedia.org/wiki/Anexo:Los_n%C3%BAmeros_uno_de_LOS40_(Espa%C3%B1a)_2016
2016,45,5 de noviembre,Safari,"['J Balvin', 'Pharrell Williams', 'BIA', 'Sky']",https://es.wikipedia.org/wiki/Anexo:Los_n%C3%BAmeros_uno_de_LOS40_(Espa%C3%B1a)_2016
2016,46,12 de noviembre,The Greatest,"['Sia', 'Kendrick Lamar']",https://es.wikipedia.org/wiki/Anexo:Los_n%C3%BAmeros_uno_de_LOS40_(Espa%C3%B1a)_2016
2016,47,19 de noviembre,Heathens,['Twenty One  Pilots'],https://es.wikipedia.org/wiki/Anexo:Los_n%C3%BAmeros_uno_de_LOS40_(Espa%C3%B1a)_2016
2016,48,26 de noviembre,Safari,"['J Balvin', 'Pharrell Williams', 'BIA', 'Sky']",https://es.wikipedia.org/wiki/Anexo:Los_n%C3%BAmeros_uno_de_LOS40_(Espa%C3%B1a)_2016
2016,49,3 de diciembre,Lost On You,['LP'],https://es.wikipedia.org/wiki/Anexo:Los_n%C3%BAmeros_uno_de_LOS40_(Espa%C3%B1a)_2016
2016,50,10 de diciembre,Starboy,"['The Weeknd', 'Daft Punk']",https://es.wikipedia.org/wiki/Anexo:Los_n%C3%BAmeros_uno_de_LOS40_(Espa%C3%B1a)_2016
2016,51,17 de diciembre,Starboy,"['The Weeknd', 'Daft Punk']",https://es.wikipedia.org/wiki/Anexo:Los_n%C3%BAmeros_uno_de_LOS40_(Espa%C3%B1a)_2016
2016,52,24 de diciembre,Chantaje,"['Shakira', 'Maluma']",https://es.wikipedia.org/wiki/Anexo:Los_n%C3%BAmeros_uno_de_LOS40_(Espa%C3%B1a)_2016
2016,53,31 de diciembre,Chantaje,"['Shakira', 'Maluma']",https://es.wikipedia.org/wiki/Anexo:Los_n%C3%BAmeros_uno_de_LOS40_(Espa%C3%B1a)_2016
2017,1,7 de enero,Rockabye,"['Clean Bandit ft. Sean Paul', 'Anne-Marie']",https://es.wikipedia.org/wiki/Anexo:Los_n%C3%BAmeros_uno_de_LOS40_(Espa%C3%B1a)_2017
2017,2,14 de enero,Rockabye,"['Clean Bandit ft. Sean Paul', 'Anne-Marie']",https://es.wikipedia.org/wiki/Anexo:Los_n%C3%BAmeros_uno_de_LOS40_(Espa%C3%B1a)_2017
2017,3,21 de enero,Human,"[""Rag'n'Bone Man""]",https://es.wikipedia.org/wiki/Anexo:Los_n%C3%BAmeros_uno_de_LOS40_(Espa%C3%B1a)_2017
2017,4,28 de enero,Shape of You,['Ed Sheeran'],https://es.wikipedia.org/wiki/Anexo:Los_n%C3%BAmeros_uno_de_LOS40_(Espa%C3%B1a)_2017
2017,5,4 de febrero,Shape of You,['Ed Sheeran'],https://es.wikipedia.org/wiki/Anexo:Los_n%C3%BAmeros_uno_de_LOS40_(Espa%C3%B1a)_2017
2017,6,11 de febrero,Despacito,['Luis Fonsi ft. Daddy Yankee'],https://es.wikipedia.org/wiki/Anexo:Los_n%C3%BAmeros_uno_de_LOS40_(Espa%C3%B1a)_2017
2017,7,18 de febrero,Despacito,['Luis Fonsi ft. Daddy Yankee'],https://es.wikipedia.org/wiki/Anexo:Los_n%C3%BAmeros_uno_de_LOS40_(Espa%C3%B1a)_2017
2017,8,25 de febrero,La lluvia en los zapatos,['Leiva'],https://es.wikipedia.org/wiki/Anexo:Los_n%C3%BAmeros_uno_de_LOS40_(Espa%C3%B1a)_2017
2017,9,4 de marzo,Sexual,['Neiked ft. Dyo'],https://es.wikipedia.org/wiki/Anexo:Los_n%C3%BAmeros_uno_de_LOS40_(Espa%C3%B1a)_2017
2017,10,11 de marzo,I Feel It Coming,['The Weeknd ft. Daft Punk'],https://es.wikipedia.org/wiki/Anexo:Los_n%C3%BAmeros_uno_de_LOS40_(Espa%C3%B1a)_2017
2017,11,18 de marzo,Shape of You,['Ed Sheeran'],https://es.wikipedia.org/wiki/Anexo:Los_n%C3%BAmeros_uno_de_LOS40_(Espa%C3%B1a)_2017
2017,12,25 de marzo,Shape of You,['Ed Sheeran'],https://es.wikipedia.org/wiki/Anexo:Los_n%C3%BAmeros_uno_de_LOS40_(Espa%C3%B1a)_2017
2017,13,1 de abril,Chained to the Rhythm,['Katy Perry ft. Skip Marley'],https://es.wikipedia.org/wiki/Anexo:Los_n%C3%BAmeros_uno_de_LOS40_(Espa%C3%B1a)_2017
2017,14,8 de abril,Súbeme la radio,"['Enrique Iglesias ft. Descemer Bueno', 'Zion & Lennox']",https://es.wikipedia.org/wiki/Anexo:Los_n%C3%BAmeros_uno_de_LOS40_(Espa%C3%B1a)_2017
2017,15,15 de abril,Something Just Like This,['The Chainsmokers ft. Coldplay'],https://es.wikipedia.org/wiki/Anexo:Los_n%C3%BAmeros_uno_de_LOS40_(Espa%C3%B1a)_2017
2017,16,22 de abril,Something Just Like This,['The Chainsmokers ft. Coldplay'],https://es.wikipedia.org/wiki/Anexo:Los_n%C3%BAmeros_uno_de_LOS40_(Espa%C3%B1a)_2017
2017,17,29 de abril,It Ain't Me,"['Kygo', 'Selena Gomez']",https://es.wikipedia.org/wiki/Anexo:Los_n%C3%BAmeros_uno_de_LOS40_(Espa%C3%B1a)_2017
2017,18,6 de mayo,Despacito (remix),"['Luis Fonsi ft. Daddy Yankee', 'Justin Bieber']",https://es.wikipedia.org/wiki/Anexo:Los_n%C3%BAmeros_uno_de_LOS40_(Espa%C3%B1a)_2017
2017,19,13 de mayo,You Don't Know Me,['Jax Jones ft. Raye'],https://es.wikipedia.org/wiki/Anexo:Los_n%C3%BAmeros_uno_de_LOS40_(Espa%C3%B1a)_2017
2017,20,20 de mayo,Way Down We Go,['Kaleo'],https://es.wikipedia.org/wiki/Anexo:Los_n%C3%BAmeros_uno_de_LOS40_(Espa%C3%B1a)_2017
2017,21,27 de mayo,Me enamoré,['Shakira'],https://es.wikipedia.org/wiki/Anexo:Los_n%C3%BAmeros_uno_de_LOS40_(Espa%C3%B1a)_2017
2017,22,3 de junio,Hey Ma,['J Balvin & Pitbull ft. Camila Cabello'],https://es.wikipedia.org/wiki/Anexo:Los_n%C3%BAmeros_uno_de_LOS40_(Espa%C3%B1a)_2017
2017,23,10 de junio,Felices los 4,['Maluma'],https://es.wikipedia.org/wiki/Anexo:Los_n%C3%BAmeros_uno_de_LOS40_(Espa%C3%B1a)_2017
2017,24,17 de junio,Swalla,"['Jason Derulo ft. Nicki Minaj', 'Ty Dolla $ign']",https://es.wikipedia.org/wiki/Anexo:Los_n%C3%BAmeros_uno_de_LOS40_(Espa%C3%B1a)_2017
2017,25,24 de junio,Sign of the Times,['Harry Styles'],https://es.wikipedia.org/wiki/Anexo:Los_n%C3%BAmeros_uno_de_LOS40_(Espa%C3%B1a)_2017
2017,26,1 de julio,Issues,['Julia Michaels'],https://es.wikipedia.org/wiki/Anexo:Los_n%C3%BAmeros_uno_de_LOS40_(Espa%C3%B1a)_2017
2017,27,8 de julio,Malibu,['Miley Cyrus'],https://es.wikipedia.org/wiki/Anexo:Los_n%C3%BAmeros_uno_de_LOS40_(Espa%C3%B1a)_2017
2017,28,15 de julio,Solo si es contigo,['Bombai ft. Bebe'],https://es.wikipedia.org/wiki/Anexo:Los_n%C3%BAmeros_uno_de_LOS40_(Espa%C3%B1a)_2017
2017,29,22 de julio,Attention,['Charlie Puth'],https://es.wikipedia.org/wiki/Anexo:Los_n%C3%BAmeros_uno_de_LOS40_(Espa%C3%B1a)_2017
2017,30,29 de julio,Attention,['Charlie Puth'],https://es.wikipedia.org/wiki/Anexo:Los_n%C3%BAmeros_uno_de_LOS40_(Espa%C3%B1a)_2017
2017,31,5 de agosto,"Yo contigo, tú conmigo","['Morat', 'Álvaro Soler']",https://es.wikipedia.org/wiki/Anexo:Los_n%C3%BAmeros_uno_de_LOS40_(Espa%C3%B1a)_2017
2017,32,12 de agosto,Mi gente,"['J Balvin', 'Willy William']",https://es.wikipedia.org/wiki/Anexo:Los_n%C3%BAmeros_uno_de_LOS40_(Espa%C3%B1a)_2017
2017,33,19 de agosto,Wild Thoughts,"['DJ Khaled ft. Bryson Tiller', 'Rihanna']",https://es.wikipedia.org/wiki/Anexo:Los_n%C3%BAmeros_uno_de_LOS40_(Espa%C3%B1a)_2017
2017,34,26 de agosto,Feels,"['Calvin Harris ft. Big Sean', 'Katy Perry', 'Pharrell Williams']",https://es.wikipedia.org/wiki/Anexo:Los_n%C3%BAmeros_uno_de_LOS40_(Espa%C3%B1a)_2017
2017,35,2 de septiembre,Feels,"['Calvin Harris ft. Big Sean', 'Katy Perry', 'Pharrell Williams']",https://es.wikipedia.org/wiki/Anexo:Los_n%C3%BAmeros_uno_de_LOS40_(Espa%C3%B1a)_2017
2017,36,9 de septiembre,Me rehúso,['Danny Ocean'],https://es.wikipedia.org/wiki/Anexo:Los_n%C3%BAmeros_uno_de_LOS40_(Espa%C3%B1a)_2017
2017,37,16 de septiembre,OK,"['Robin Schulz', 'James Blunt']",https://es.wikipedia.org/wiki/Anexo:Los_n%C3%BAmeros_uno_de_LOS40_(Espa%C3%B1a)_2017
2017,38,23 de septiembre,Breaking Bad,['Leiva'],https://es.wikipedia.org/wiki/Anexo:Los_n%C3%BAmeros_uno_de_LOS40_(Espa%C3%B1a)_2017
2017,39,30 de septiembre,Galway Girl,['Ed Sheeran'],https://es.wikipedia.org/wiki/Anexo:Los_n%C3%BAmeros_uno_de_LOS40_(Espa%C3%B1a)_2017
2017,40,7 de octubre,No vaya a ser,['Pablo Alborán'],https://es.wikipedia.org/wiki/Anexo:Los_n%C3%BAmeros_uno_de_LOS40_(Espa%C3%B1a)_2017
2017,41,14 de octubre,What About Us,['Pink'],https://es.wikipedia.org/wiki/Anexo:Los_n%C3%BAmeros_uno_de_LOS40_(Espa%C3%B1a)_2017
2017,42,21 de octubre,Mi gente,"['J Balvin', 'Willy William']",https://es.wikipedia.org/wiki/Anexo:Los_n%C3%BAmeros_uno_de_LOS40_(Espa%C3%B1a)_2017
2017,43,28 de octubre,Look What You Made Me Do,['Taylor Swift'],https://es.wikipedia.org/wiki/Anexo:Los_n%C3%BAmeros_uno_de_LOS40_(Espa%C3%B1a)_2017
2017,44,4 de noviembre,You're the Best Thing About Me,['U2'],https://es.wikipedia.org/wiki/Anexo:Los_n%C3%BAmeros_uno_de_LOS40_(Espa%C3%B1a)_2017
2017,45,11 de noviembre,Feel It Still,['Portugal. The Man'],https://es.wikipedia.org/wiki/Anexo:Los_n%C3%BAmeros_uno_de_LOS40_(Espa%C3%B1a)_2017
2017,46,18 de noviembre,Havana,['Camila Cabello ft. Young Thug'],https://es.wikipedia.org/wiki/Anexo:Los_n%C3%BAmeros_uno_de_LOS40_(Espa%C3%B1a)_2017
2017,47,25 de noviembre,Havana,['Camila Cabello ft. Young Thug'],https://es.wikipedia.org/wiki/Anexo:Los_n%C3%BAmeros_uno_de_LOS40_(Espa%C3%B1a)_2017
2017,48,2 de diciembre,New Rules,['Dua Lipa'],https://es.wikipedia.org/wiki/Anexo:Los_n%C3%BAmeros_uno_de_LOS40_(Espa%C3%B1a)_2017
2017,49,9 de diciembre,Dusk Till Dawn,['Zayn ft. Sia'],https://es.wikipedia.org/wiki/Anexo:Los_n%C3%BAmeros_uno_de_LOS40_(Espa%C3%B1a)_2017
2017,50,16 de diciembre,Perfect,['Ed Sheeran'],https://es.wikipedia.org/wiki/Anexo:Los_n%C3%BAmeros_uno_de_LOS40_(Espa%C3%B1a)_2017
2017,51,23 de diciembre,Perfect,['Ed Sheeran'],https://es.wikipedia.org/wiki/Anexo:Los_n%C3%BAmeros_uno_de_LOS40_(Espa%C3%B1a)_2017
2017,52,30 de diciembre,Échame la culpa,"['Luis Fonsi', 'Demi Lovato']",https://es.wikipedia.org/wiki/Anexo:Los_n%C3%BAmeros_uno_de_LOS40_(Espa%C3%B1a)_2017
2018,1,6 de enero,Échame la culpa,"['Luis Fonsi', 'Demi Lovato']",https://es.wikipedia.org/wiki/Anexo:Los_n%C3%BAmeros_uno_de_LOS40_(Espa%C3%B1a)_2018
2018,2,13 de enero,What Lovers Do,"['Maroon 5', 'SZA']",https://es.wikipedia.org/wiki/Anexo:Los_n%C3%BAmeros_uno_de_LOS40_(Espa%C3%B1a)_2018
2018,3,20 de enero,Perfect duet,"['Ed Sheeran', 'Beyoncé']",https://es.wikipedia.org/wiki/Anexo:Los_n%C3%BAmeros_uno_de_LOS40_(Espa%C3%B1a)_2018
2018,4,27 de enero,Besos en guerra,"['Morat', 'Juanes']",https://es.wikipedia.org/wiki/Anexo:Los_n%C3%BAmeros_uno_de_LOS40_(Espa%C3%B1a)_2018
2018,5,3 de febrero,Havana,"['Camila Cabello', 'Young Thug']",https://es.wikipedia.org/wiki/Anexo:Los_n%C3%BAmeros_uno_de_LOS40_(Espa%C3%B1a)_2018
2018,6,10 de febrero,La llamada,['Leiva'],https://es.wikipedia.org/wiki/Anexo:Los_n%C3%BAmeros_uno_de_LOS40_(Espa%C3%B1a)_2018
2018,7,17 de febrero,Échame la culpa,"['Luis Fonsi', 'Demi Lovato']",https://es.wikipedia.org/wiki/Anexo:Los_n%C3%BAmeros_uno_de_LOS40_(Espa%C3%B1a)_2018
2018,8,24 de febrero,Wolves,"['Selena Gomez', 'Marshmello']",https://es.wikipedia.org/wiki/Anexo:Los_n%C3%BAmeros_uno_de_LOS40_(Espa%C3%B1a)_2018
2018,9,3 de marzo,El patio,['Pablo López'],https://es.wikipedia.org/wiki/Anexo:Los_n%C3%BAmeros_uno_de_LOS40_(Espa%C3%B1a)_2018
2018,10,10 de marzo,How Long,['Charlie Puth'],https://es.wikipedia.org/wiki/Anexo:Los_n%C3%BAmeros_uno_de_LOS40_(Espa%C3%B1a)_2018
2018,11,17 de marzo,Corazón,"['Maluma', 'Nego do Borel']",https://es.wikipedia.org/wiki/Anexo:Los_n%C3%BAmeros_uno_de_LOS40_(Espa%C3%B1a)_2018
2018,12,24 de marzo,Déjate llevar,"['Juan Magán', 'Belinda', 'Manuel Turizo', 'Snova', 'B-Case']",https://es.wikipedia.org/wiki/Anexo:Los_n%C3%BAmeros_uno_de_LOS40_(Espa%C3%B1a)_2018
2018,13,31 de marzo,Downtown,"['Anitta', 'J Balvin']",https://es.wikipedia.org/wiki/Anexo:Los_n%C3%BAmeros_uno_de_LOS40_(Espa%C3%B1a)_2018
2018,14,7 de abril,Lo malo,"['Aitana', 'Ana Guerra']",https://es.wikipedia.org/wiki/Anexo:Los_n%C3%BAmeros_uno_de_LOS40_(Espa%C3%B1a)_2018
2018,15,14 de abril,Wolves,"['Selena Gomez', 'Marshmello']",https://es.wikipedia.org/wiki/Anexo:Los_n%C3%BAmeros_uno_de_LOS40_(Espa%C3%B1a)_2018
2018,16,21 de abril,Lo malo,"['Aitana', 'Ana Guerra']",https://es.wikipedia.org/wiki/Anexo:Los_n%C3%BAmeros_uno_de_LOS40_(Espa%C3%B1a)_2018
2018,17,28 de abril,For You,"['Liam Payne', 'Rita Ora']",https://es.wikipedia.org/wiki/Anexo:Los_n%C3%BAmeros_uno_de_LOS40_(Espa%C3%B1a)_2018
2018,18,5 de mayo,X,"['Nicky Jam', 'J Balvin']",https://es.wikipedia.org/wiki/Anexo:Los_n%C3%BAmeros_uno_de_LOS40_(Espa%C3%B1a)_2018
2018,19,12 de mayo,Lo malo,"['Aitana', 'Ana Guerra']",https://es.wikipedia.org/wiki/Anexo:Los_n%C3%BAmeros_uno_de_LOS40_(Espa%C3%B1a)_2018
2018,20,19 de mayo,Spinning Over You,['REYKO'],https://es.wikipedia.org/wiki/Anexo:Los_n%C3%BAmeros_uno_de_LOS40_(Espa%C3%B1a)_2018
2018,21,26 de mayo,Never Be the Same,['Camila Cabello'],https://es.wikipedia.org/wiki/Anexo:Los_n%C3%BAmeros_uno_de_LOS40_(Espa%C3%B1a)_2018
2018,22,2 de junio,These Days,"['Rudimental', 'Jess Glynne', 'Macklemore', 'Dan Caplen']",https://es.wikipedia.org/wiki/Anexo:Los_n%C3%BAmeros_uno_de_LOS40_(Espa%C3%B1a)_2018
2018,23,9 de junio,Friends,"['Anne-Marie', 'Marshmello']",https://es.wikipedia.org/wiki/Anexo:Los_n%C3%BAmeros_uno_de_LOS40_(Espa%C3%B1a)_2018
2018,24,16 de junio,Friends,"['Anne-Marie', 'Marshmello']",https://es.wikipedia.org/wiki/Anexo:Los_n%C3%BAmeros_uno_de_LOS40_(Espa%C3%B1a)_2018
2018,25,23 de junio,La cintura,['Álvaro Soler'],https://es.wikipedia.org/wiki/Anexo:Los_n%C3%BAmeros_uno_de_LOS40_(Espa%C3%B1a)_2018
2018,26,30 de junio,La cintura,['Álvaro Soler'],https://es.wikipedia.org/wiki/Anexo:Los_n%C3%BAmeros_uno_de_LOS40_(Espa%C3%B1a)_2018
2018,27,7 de julio,These Days,"['Rudimental', 'Jess Glynne', 'Macklemore', 'Dan Caplen']",https://es.wikipedia.org/wiki/Anexo:Los_n%C3%BAmeros_uno_de_LOS40_(Espa%C3%B1a)_2018
2018,28,14 de julio,One Kiss,"['Calvin Harris', 'Dua Lipa']",https://es.wikipedia.org/wiki/Anexo:Los_n%C3%BAmeros_uno_de_LOS40_(Espa%C3%B1a)_2018
2018,29,21 de julio,A partir de hoy,"['David Bisbal', 'Sebastián Yatra']",https://es.wikipedia.org/wiki/Anexo:Los_n%C3%BAmeros_uno_de_LOS40_(Espa%C3%B1a)_2018
2018,30,28 de julio,"1, 2, 3","['Sofía Reyes', 'Jason Derulo', 'De la Ghetto']",https://es.wikipedia.org/wiki/Anexo:Los_n%C3%BAmeros_uno_de_LOS40_(Espa%C3%B1a)_2018
2018,31,4 de agosto,One Kiss,"['Calvin Harris', 'Dua Lipa']",https://es.wikipedia.org/wiki/Anexo:Los_n%C3%BAmeros_uno_de_LOS40_(Espa%C3%B1a)_2018
2018,32,11 de agosto,Flames,"['David Guetta', 'Sia']",https://es.wikipedia.org/wiki/Anexo:Los_n%C3%BAmeros_uno_de_LOS40_(Espa%C3%B1a)_2018
2018,33,18 de agosto,La cintura,['Álvaro Soler'],https://es.wikipedia.org/wiki/Anexo:Los_n%C3%BAmeros_uno_de_LOS40_(Espa%C3%B1a)_2018
2018,34,25 de agosto,One Kiss,"['Calvin Harris', 'Dua Lipa']",https://es.wikipedia.org/wiki/Anexo:Los_n%C3%BAmeros_uno_de_LOS40_(Espa%C3%B1a)_2018
2018,35,1 de septiembre,Leave a Light On,['Tom Walker'],https://es.wikipedia.org/wiki/Anexo:Los_n%C3%BAmeros_uno_de_LOS40_(Espa%C3%B1a)_2018
2018,36,8 de septiembre,Solo,"['Clean Bandit', 'Demi Lovato']",https://es.wikipedia.org/wiki/Anexo:Los_n%C3%BAmeros_uno_de_LOS40_(Espa%C3%B1a)_2018
2018,37,15 de septiembre,Déjala que baile,"['Melendi', 'Alejandro Sanz', 'Arkano']",https://es.wikipedia.org/wiki/Anexo:Los_n%C3%BAmeros_uno_de_LOS40_(Espa%C3%B1a)_2018
2018,38,22 de septiembre,Fuego,['Eleni Foureira'],https://es.wikipedia.org/wiki/Anexo:Los_n%C3%BAmeros_uno_de_LOS40_(Espa%C3%B1a)_2018
2018,39,29 de septiembre,Fuego,['Eleni Foureira'],https://es.wikipedia.org/wiki/Anexo:Los_n%C3%BAmeros_uno_de_LOS40_(Espa%C3%B1a)_2018
2018,40,6 de octubre,Déjala que baile,"['Melendi', 'Alejandro Sanz', 'Arkano']",https://es.wikipedia.org/wiki/Anexo:Los_n%C3%BAmeros_uno_de_LOS40_(Espa%C3%B1a)_2018
2018,41,13 de octubre,Ni la hora,"['Ana Guerra', 'Juan Magán']",https://es.wikipedia.org/wiki/Anexo:Los_n%C3%BAmeros_uno_de_LOS40_(Espa%C3%B1a)_2018
2018,42,20 de octubre,Girls Like You,"['Maroon 5', 'Cardi B']",https://es.wikipedia.org/wiki/Anexo:Los_n%C3%BAmeros_uno_de_LOS40_(Espa%C3%B1a)_2018
2018,43,27 de octubre,Teléfono,['Aitana'],https://es.wikipedia.org/wiki/Anexo:Los_n%C3%BAmeros_uno_de_LOS40_(Espa%C3%B1a)_2018
2018,44,3 de noviembre,Girls Like You,"['Maroon 5', 'Cardi B']",https://es.wikipedia.org/wiki/Anexo:Los_n%C3%BAmeros_uno_de_LOS40_(Espa%C3%B1a)_2018
2018,45,10 de noviembre,Él no soy yo,['Blas Cantó'],https://es.wikipedia.org/wiki/Anexo:Los_n%C3%BAmeros_uno_de_LOS40_(Espa%C3%B1a)_2018
2018,46,17 de noviembre,Qué tienes tú,"['Dvicio', 'Mau', 'Ricky', 'Reik']",https://es.wikipedia.org/wiki/Anexo:Los_n%C3%BAmeros_uno_de_LOS40_(Espa%C3%B1a)_2018
2018,47,24 de noviembre,Cuando nadie ve,['Morat'],https://es.wikipedia.org/wiki/Anexo:Los_n%C3%BAmeros_uno_de_LOS40_(Espa%C3%B1a)_2018
2018,48,1 de diciembre,Girls Like You,"['Maroon 5', 'Cardi B']",https://es.wikipedia.org/wiki/Anexo:Los_n%C3%BAmeros_uno_de_LOS40_(Espa%C3%B1a)_2018
2018,49,8 de diciembre,Lo siento,['Beret'],https://es.wikipedia.org/wiki/Anexo:Los_n%C3%BAmeros_uno_de_LOS40_(Espa%C3%B1a)_2018
2018,50,15 de diciembre,Lo siento,['Beret'],https://es.wikipedia.org/wiki/Anexo:Los_n%C3%BAmeros_uno_de_LOS40_(Espa%C3%B1a)_2018
2018,51,22 de diciembre,Promises,"['Calvin Harris', 'Sam Smith']",https://es.wikipedia.org/wiki/Anexo:Los_n%C3%BAmeros_uno_de_LOS40_(Espa%C3%B1a)_2018
2018,52,29 de diciembre,Ya no quiero ná,['Lola Indigo'],https://es.wikipedia.org/wiki/Anexo:Los_n%C3%BAmeros_uno_de_LOS40_(Espa%C3%B1a)_2018
2019,1,5 de enero,Cuando nadie ve,['Morat'],https://es.wikipedia.org/wiki/Anexo:Los_n%C3%BAmeros_uno_de_LOS40_(Espa%C3%B1a)_2019
2019,2,12 de enero,Promises,"['Calvin Harris', 'Sam Smith']",https://es.wikipedia.org/wiki/Anexo:Los_n%C3%BAmeros_uno_de_LOS40_(Espa%C3%B1a)_2019
2019,3,19 de enero,Kiss and Make Up,"['Dua Lipa', 'Black Pink']",https://es.wikipedia.org/wiki/Anexo:Los_n%C3%BAmeros_uno_de_LOS40_(Espa%C3%B1a)_2019
2019,4,26 de enero,Shotgun,['George Ezra'],https://es.wikipedia.org/wiki/Anexo:Los_n%C3%BAmeros_uno_de_LOS40_(Espa%C3%B1a)_2019
2019,5,2 de febrero,Perdón,"['David Bisbal', 'Greeicy']",https://es.wikipedia.org/wiki/Anexo:Los_n%C3%BAmeros_uno_de_LOS40_(Espa%C3%B1a)_2019
2019,6,9 de febrero,Lo siento,['Beret'],https://es.wikipedia.org/wiki/Anexo:Los_n%C3%BAmeros_uno_de_LOS40_(Espa%C3%B1a)_2019
2019,7,16 de febrero,Vas a quedarte,['Aitana'],https://es.wikipedia.org/wiki/Anexo:Los_n%C3%BAmeros_uno_de_LOS40_(Espa%C3%B1a)_2019
2019,8,23 de febrero,Sweet but Psycho,['Ava Max'],https://es.wikipedia.org/wiki/Anexo:Los_n%C3%BAmeros_uno_de_LOS40_(Espa%C3%B1a)_2019
2019,9,2 de marzo,Sweet but Psycho,['Ava Max'],https://es.wikipedia.org/wiki/Anexo:Los_n%C3%BAmeros_uno_de_LOS40_(Espa%C3%B1a)_2019
2019,10,9 de marzo,Love Someone,['Lukas Graham'],https://es.wikipedia.org/wiki/Anexo:Los_n%C3%BAmeros_uno_de_LOS40_(Espa%C3%B1a)_2019
2019,11,16 de marzo,Nothing Breaks Like a Heart,"['Mark Ronson', 'Miley Cyrus']",https://es.wikipedia.org/wiki/Anexo:Los_n%C3%BAmeros_uno_de_LOS40_(Espa%C3%B1a)_2019
2019,12,23 de marzo,Mujer bruja,"['Lola Indigo', 'Mala Rodríguez']",https://es.wikipedia.org/wiki/Anexo:Los_n%C3%BAmeros_uno_de_LOS40_(Espa%C3%B1a)_2019
2019,13,30 de marzo,Say My Name,"['David Guetta', 'Bebe Rexha', 'J Balvin']",https://es.wikipedia.org/wiki/Anexo:Los_n%C3%BAmeros_uno_de_LOS40_(Espa%C3%B1a)_2019
2019,14,6 de abril,Say My Name,"['David Guetta', 'Bebe Rexha', 'J Balvin']",https://es.wikipedia.org/wiki/Anexo:Los_n%C3%BAmeros_uno_de_LOS40_(Espa%C3%B1a)_2019
2019,15,13 de abril,Bajito,['Ana Guerra'],https://es.wikipedia.org/wiki/Anexo:Los_n%C3%BAmeros_uno_de_LOS40_(Espa%C3%B1a)_2019
2019,16,20 de abril,High Hopes,['Panic! at the Disco'],https://es.wikipedia.org/wiki/Anexo:Los_n%C3%BAmeros_uno_de_LOS40_(Espa%C3%B1a)_2019
2019,17,27 de abril,High Hopes,['Panic! at the Disco'],https://es.wikipedia.org/wiki/Anexo:Los_n%C3%BAmeros_uno_de_LOS40_(Espa%C3%B1a)_2019
2019,18,4 de mayo,Sweet but Psycho,['Ava Max'],https://es.wikipedia.org/wiki/Anexo:Los_n%C3%BAmeros_uno_de_LOS40_(Espa%C3%B1a)_2019
2019,19,11 de mayo,5 sentidos,"['Dvicio', 'Taburete']",https://es.wikipedia.org/wiki/Anexo:Los_n%C3%BAmeros_uno_de_LOS40_(Espa%C3%B1a)_2019
2019,20,18 de mayo,Say My Name,"['David Guetta', 'Bebe Rexha', 'J Balvin']",https://es.wikipedia.org/wiki/Anexo:Los_n%C3%BAmeros_uno_de_LOS40_(Espa%C3%B1a)_2019
2019,21,25 de mayo, I Don't Care,"['Ed Sheeran', 'Justin Bieber']",https://es.wikipedia.org/wiki/Anexo:Los_n%C3%BAmeros_uno_de_LOS40_(Espa%C3%B1a)_2019
2019,22,1 de junio, I Don't Care,"['Ed Sheeran', 'Justin Bieber']",https://es.wikipedia.org/wiki/Anexo:Los_n%C3%BAmeros_uno_de_LOS40_(Espa%C3%B1a)_2019
2019,23,8 de junio,Sucker,['Jonas Brothers'],https://es.wikipedia.org/wiki/Anexo:Los_n%C3%BAmeros_uno_de_LOS40_(Espa%C3%B1a)_2019
2019,24,15 de junio,Mi persona favorita,"['Alejandro Sanz', 'Camila Cabello']",https://es.wikipedia.org/wiki/Anexo:Los_n%C3%BAmeros_uno_de_LOS40_(Espa%C3%B1a)_2019
2019,25,22 de junio,Sucker,['Jonas Brothers'],https://es.wikipedia.org/wiki/Anexo:Los_n%C3%BAmeros_uno_de_LOS40_(Espa%C3%B1a)_2019
2019,26,29 de junio,I Don't Care,"['Ed Sheeran', 'Justin Bieber']",https://es.wikipedia.org/wiki/Anexo:Los_n%C3%BAmeros_uno_de_LOS40_(Espa%C3%B1a)_2019
2019,27,6 de julio,Presiento,"['Morat', 'Aitana']",https://es.wikipedia.org/wiki/Anexo:Los_n%C3%BAmeros_uno_de_LOS40_(Espa%C3%B1a)_2019
2019,28,13 de julio,Calma (Alicia remix),"['Pedro Capó', 'Farruko', 'Alicia Keys']",https://es.wikipedia.org/wiki/Anexo:Los_n%C3%BAmeros_uno_de_LOS40_(Espa%C3%B1a)_2019
2019,29,20 de julio,Fading,"['Alle Farben', 'ILIRA']",https://es.wikipedia.org/wiki/Anexo:Los_n%C3%BAmeros_uno_de_LOS40_(Espa%C3%B1a)_2019
